{"type":"FeatureCollection","name":"temples","meta":{"source":"OpenStreetMap (ODbL), via Overpass","generatedAt":"2026-09-16T06:49:03.120Z","bbox":{"south":18.65,"west":98.85,"north":18.95,"east":99.2},"scope":"temples","geojson":"valid-RFC7946"},"features":[{"type":"Feature","id":72011943,"properties":{"id":72011943,"height":9,"base_height":0,"name_th":"วัดแม่คือ","name_en":"Wat Maekhu","name":"วัดแม่คือ","kind":"temple","kind_value":"buddhist","levels":null,"addr":null},"geometry":{"type":"Polygon","coordinates":[[[99.1092055,18.7898219],[99.1094673,18.7902733],[99.1090301,18.7904322],[99.108946,18.7904147],[99.1087666,18.7901203],[99.1092055,18.7898219]]]}},{"type":"Feature","id":87477846,"properties":{"id":87477846,"height":9,"base_height":0,"name_th":"วัดดอยสะเก็ด","name_en":"Wat Doi Saket","name":"วัดดอยสะเก็ด","kind":"temple","kind_value":"buddhist","levels":null,"addr":null},"geometry":{"type":"Polygon","coordinates":[[[99.1393821,18.8726156],[99.1394684,18.8723494],[99.1398978,18.8714749],[99.1402268,18.8713749],[99.1406837,18.8714497],[99.1407652,18.8713738],[99.1407761,18.8712758],[99.1406422,18.8710429],[99.1409535,18.8708574],[99.1413405,18.8712165],[99.1415642,18.8715978],[99.1407165,18.8721392],[99.1405267,18.8724986],[99.1403799,18.8726834],[99.1402405,18.8728357],[99.1403424,18.8729372],[99.1400098,18.8732012],[99.1398381,18.8730438],[99.1395055,18.8729727],[99.1394714,18.8728305],[99.1393821,18.8726156]]]}},{"type":"Feature","id":93414647,"properties":{"id":93414647,"height":9,"base_height":0,"name_th":"Wat Phra Singh","name_en":"Wat Phra Singh","name":"วัดพระสิงห์","kind":"temple","kind_value":"buddhist","levels":null,"addr":"2 Samlarn Rd"},"geometry":{"type":"Polygon","coordinates":[[[98.9805705,18.789438],[98.9806414,18.7894799],[98.980771,18.7894972],[98.9814013,18.7894626],[98.982332,18.7894019],[98.9823951,18.7893771],[98.9824146,18.7893381],[98.9824243,18.7886057],[98.9823392,18.7876725],[98.98034,18.7878079],[98.98043,18.7891557],[98.9804764,18.7893148],[98.9805705,18.789438]]]}},{"type":"Feature","id":95480142,"properties":{"id":95480142,"height":9,"base_height":0,"name_th":"วัดสันมะฮกฟ้า","name_en":"Wat San Ma Hok Fa","name":"วัดสันมะฮกฟ้า","kind":"temple","kind_value":"buddhist","levels":null,"addr":null},"geometry":{"type":"Polygon","coordinates":[[[99.0832219,18.7587273],[99.0837834,18.7584118],[99.0836198,18.7581122],[99.083542,18.758036],[99.0834133,18.7580156],[99.0829117,18.7584703],[99.0830414,18.7585905],[99.0832219,18.7587273]]]}},{"type":"Feature","id":95480256,"properties":{"id":95480256,"height":9,"base_height":0,"name_th":"วัดสันป่าค่า","name_en":"Wat San Pa Kha","name":"วัดสันป่าค่า","kind":"temple","kind_value":"buddhist","levels":null,"addr":null},"geometry":{"type":"Polygon","coordinates":[[[99.0764906,18.7538935],[99.0761687,18.7532788],[99.0764761,18.7531431],[99.0767561,18.7529969],[99.0771282,18.7529925],[99.0771746,18.7530553],[99.0772524,18.753449],[99.0764906,18.7538935]]]}},{"type":"Feature","id":95953233,"properties":{"id":95953233,"height":9,"base_height":0,"name_th":"วัดท่าต้นกวาว","name_en":"Wat Tha Ton Kwao","name":"วัดท่าต้นกวาว","kind":"temple","kind_value":"buddhist","levels":null,"addr":null},"geometry":{"type":"Polygon","coordinates":[[[99.0708733,18.720301],[99.0708622,18.720196],[99.0706245,18.7202185],[99.0706356,18.7203235],[99.0708733,18.720301]]]}},{"type":"Feature","id":96255313,"properties":{"id":96255313,"height":9,"base_height":0,"name_th":null,"name_en":null,"name":"ร้องกองข้า","kind":"temple","kind_value":"buddhist","levels":null,"addr":null},"geometry":{"type":"Polygon","coordinates":[[[99.1052086,18.6850029],[99.1052729,18.6855619],[99.1049511,18.6857448],[99.1044146,18.6858668],[99.1042644,18.6858464],[99.104243,18.6856228],[99.1042215,18.6849724],[99.1042439,18.6849718],[99.1051749,18.6849651],[99.1052086,18.6850029]]]}},{"type":"Feature","id":96423038,"properties":{"id":96423038,"height":9,"base_height":0,"name_th":"พุทธสถานเชียงใหม่","name_en":"Chiang Mai Buddhist Shrine","name":"พุทธสถานเชียงใหม่","kind":"temple","kind_value":"buddhist","levels":null,"addr":null},"geometry":{"type":"Polygon","coordinates":[[[99.0020734,18.7874377],[99.001782,18.7875179],[99.0016361,18.7870423],[99.0019275,18.7869622],[99.0019651,18.7870847],[99.0020734,18.7874377]]]}},{"type":"Feature","id":96715474,"properties":{"id":96715474,"height":9,"base_height":0,"name_th":"วัดแม่หาดหลวง","name_en":"Wat Mae Hat Luang","name":"วัดแม่หาดหลวง","kind":"temple","kind_value":"buddhist","levels":null,"addr":null},"geometry":{"type":"Polygon","coordinates":[[[99.1416458,18.6625194],[99.1426077,18.6622986],[99.1424857,18.6616774],[99.1414889,18.6618626],[99.1416458,18.6625194]]]}},{"type":"Feature","id":96938507,"properties":{"id":96938507,"height":9,"base_height":0,"name_th":"วัดเจติยานุสรณ์","name_en":"Wat Jetiyanusorn","name":"วัดเจติยานุสรณ์","kind":"temple","kind_value":"buddhist","levels":null,"addr":null},"geometry":{"type":"Polygon","coordinates":[[[99.0584687,18.8000228],[99.0592626,18.7997791],[99.0596596,18.799774],[99.0597454,18.8000279],[99.0593055,18.8003021],[99.058694,18.8004799],[99.0585545,18.8003377],[99.0584687,18.8000228]]]}},{"type":"Feature","id":97665874,"properties":{"id":97665874,"height":9,"base_height":0,"name_th":"วัดดอนจั่น","name_en":"Wat Don Chan","name":"วัดดอนจั่น","kind":"temple","kind_value":"buddhist","levels":null,"addr":null},"geometry":{"type":"Polygon","coordinates":[[[99.0321737,18.7605761],[99.0320427,18.7600825],[99.0325271,18.7599229],[99.0327311,18.7598682],[99.0328782,18.75976],[99.0331086,18.7603383],[99.0321737,18.7605761]]]}},{"type":"Feature","id":97705951,"properties":{"id":97705951,"height":9,"base_height":0,"name_th":"คริสตจักรของพระคริสต์","name_en":"Chiang Mai Church of Christ","name":"คริสตจักรของพระคริสต์","kind":"temple","kind_value":"christian","levels":null,"addr":null},"geometry":{"type":"Polygon","coordinates":[[[98.9746407,18.7983302],[98.9745768,18.7982208],[98.9748394,18.7980833],[98.9749033,18.7981927],[98.9746407,18.7983302]]]}},{"type":"Feature","id":97828811,"properties":{"id":97828811,"height":9,"base_height":0,"name_th":"วัดสันโค้ง","name_en":"Wan San Khong","name":"วัดสันโค้ง","kind":"temple","kind_value":"buddhist","levels":null,"addr":null},"geometry":{"type":"Polygon","coordinates":[[[99.1383428,18.73653],[99.1383682,18.7361593],[99.1388266,18.7360825],[99.1392149,18.7360927],[99.1390385,18.7372027],[99.1381769,18.7369533],[99.1383428,18.73653]]]}},{"type":"Feature","id":97843267,"properties":{"id":97843267,"height":9,"base_height":0,"name_th":"วัดป่าแพ่ง","name_en":"Wat Pa Phaeng","name":"วัดป่าแพ่ง","kind":"temple","kind_value":"buddhist","levels":null,"addr":null},"geometry":{"type":"Polygon","coordinates":[[[99.1125409,18.7938249],[99.1125634,18.7939264],[99.1125749,18.7939643],[99.1126256,18.7941337],[99.112802,18.7945483],[99.1128251,18.794545],[99.1130434,18.7944696],[99.1130756,18.794523],[99.1131373,18.7945534],[99.1145401,18.7945839],[99.1146071,18.7945407],[99.1146366,18.7945026],[99.1142368,18.7935826],[99.1137138,18.7936694],[99.1132134,18.7937321],[99.112596,18.793814],[99.1125409,18.7938249]]]}},{"type":"Feature","id":97973071,"properties":{"id":97973071,"height":9,"base_height":0,"name_th":"วัดดอนปีน","name_en":"Wat Don Pin","name":"วัดดอนปีน","kind":"temple","kind_value":"buddhist","levels":null,"addr":null},"geometry":{"type":"Polygon","coordinates":[[[99.1252425,18.7285164],[99.1252398,18.728491],[99.1251781,18.728491],[99.1251808,18.7283742],[99.1252425,18.7283716],[99.1252479,18.728331],[99.1253605,18.7283284],[99.1253632,18.728364],[99.125441,18.728364],[99.1254464,18.7284783],[99.1253659,18.7284834],[99.1253632,18.7285189],[99.1252425,18.7285164]]]}},{"type":"Feature","id":98009716,"properties":{"id":98009716,"height":9,"base_height":0,"name_th":null,"name_en":null,"name":null,"kind":"temple","kind_value":"unknown","levels":null,"addr":null},"geometry":{"type":"Polygon","coordinates":[[[99.0152657,18.7996494],[99.0154264,18.7994076],[99.0155035,18.7994535],[99.0153428,18.7996953],[99.0152657,18.7996494]]]}},{"type":"Feature","id":98070869,"properties":{"id":98070869,"height":9,"base_height":0,"name_th":"Wat Chiang Man","name_en":"Wat Chiang Man","name":"วัดเชียงมั่น","kind":"temple","kind_value":"buddhist","levels":null,"addr":null},"geometry":{"type":"Polygon","coordinates":[[[98.9899439,18.7941377],[98.9893913,18.7942253],[98.9888442,18.7942672],[98.9888417,18.7933041],[98.9893552,18.7933203],[98.9899178,18.7933306],[98.9899144,18.7937862],[98.9899439,18.7941377]]]}},{"type":"Feature","id":98181503,"properties":{"id":98181503,"height":9,"base_height":0,"name_th":null,"name_en":null,"name":null,"kind":"temple","kind_value":"buddhist","levels":null,"addr":null},"geometry":{"type":"Polygon","coordinates":[[[98.9958344,18.7540153],[98.9958083,18.7539351],[98.9960494,18.7538646],[98.9960755,18.7539448],[98.9958344,18.7540153]]]}},{"type":"Feature","id":98351637,"properties":{"id":98351637,"height":9,"base_height":0,"name_th":"วัดลังการ์(บ้านใหม่)","name_en":"Wat Lang Ka","name":"วัดลังการ์(บ้านใหม่)","kind":"temple","kind_value":"buddhist","levels":null,"addr":null},"geometry":{"type":"Polygon","coordinates":[[[99.1918589,18.7415539],[99.1918755,18.741462],[99.1920734,18.741494],[99.1920568,18.7415859],[99.1918589,18.7415539]]]}},{"type":"Feature","id":98698313,"properties":{"id":98698313,"height":9,"base_height":0,"name_th":"วัดหนองโค้ง","name_en":"Wat Nong Khong","name":"วัดหนองโค้ง","kind":"temple","kind_value":"buddhist","levels":null,"addr":null},"geometry":{"type":"Polygon","coordinates":[[[99.0746912,18.763913],[99.0751192,18.763747],[99.0752914,18.7640241],[99.0752646,18.7640901],[99.074932,18.764273],[99.0746912,18.763913]]]}},{"type":"Feature","id":100291611,"properties":{"id":100291611,"height":9,"base_height":0,"name_th":"วัดบ้านกลาง","name_en":"Wat Ban Klang","name":"วัดบ้านกลาง","kind":"temple","kind_value":"buddhist","levels":null,"addr":null},"geometry":{"type":"Polygon","coordinates":[[[99.0013458,18.7365228],[99.0014691,18.7365352],[99.0019657,18.7365646],[99.0019367,18.7368414],[99.0019154,18.7370849],[99.0012868,18.7370867],[99.0013458,18.7365228]]]}},{"type":"Feature","id":101927445,"properties":{"id":101927445,"height":9,"base_height":0,"name_th":"วัดพญาชมภู","name_en":"Wat Phaya Chom Phu","name":"วัดพญาชมภู","kind":"temple","kind_value":"buddhist","levels":null,"addr":null},"geometry":{"type":"Polygon","coordinates":[[[99.0605713,18.7117272],[99.0605687,18.711618],[99.0603273,18.7116231],[99.0603299,18.7117323],[99.0605713,18.7117272]]]}},{"type":"Feature","id":102423676,"properties":{"id":102423676,"height":9,"base_height":0,"name_th":"วัดโรงธรรมสามัคคี","name_en":"Wat Rong Tham","name":"วัดโรงธรรมสามัคคี","kind":"temple","kind_value":"buddhist","levels":null,"addr":null},"geometry":{"type":"Polygon","coordinates":[[[99.1212918,18.7423194],[99.1208834,18.7420358],[99.1206971,18.7418731],[99.1213143,18.7411496],[99.1213937,18.7410469],[99.1216587,18.7407296],[99.1220318,18.7408767],[99.1225897,18.7410138],[99.1223912,18.7414152],[99.1222615,18.7415382],[99.1221015,18.7416844],[99.1212918,18.7423194]]]}},{"type":"Feature","id":102687803,"properties":{"id":102687803,"height":9,"base_height":0,"name_th":"วัดบุปผา","name_en":"Wat Buppha","name":"วัดบุปผา","kind":"temple","kind_value":"buddhist","levels":null,"addr":null},"geometry":{"type":"Polygon","coordinates":[[[99.0661749,18.6966383],[99.0669028,18.6964365],[99.0669805,18.6969347],[99.0665067,18.6970564],[99.0661749,18.6966383]]]}},{"type":"Feature","id":103287822,"properties":{"id":103287822,"height":9,"base_height":0,"name_th":"วัดท่าเดื่อ","name_en":"Wat Tha Duea","name":"วัดท่าเดื่อ","kind":"temple","kind_value":"buddhist","levels":null,"addr":null},"geometry":{"type":"Polygon","coordinates":[[[98.9912761,18.8422341],[98.9912875,18.8421627],[98.9915913,18.8422061],[98.9915799,18.8422776],[98.9912761,18.8422341]]]}},{"type":"Feature","id":103408214,"properties":{"id":103408214,"height":9,"base_height":0,"name_th":"วัดต้นผึ้ง","name_en":"Wat Ton Phueng","name":"วัดต้นผึ้ง","kind":"temple","kind_value":"buddhist","levels":null,"addr":null},"geometry":{"type":"Polygon","coordinates":[[[99.0590536,18.6931103],[99.059218,18.6931627],[99.059246,18.6930838],[99.0590816,18.6930314],[99.0590536,18.6931103]]]}},{"type":"Feature","id":103497273,"properties":{"id":103497273,"height":9,"base_height":0,"name_th":"วัดศรีดอนม","name_en":"Wat Si Don Mon","name":"วัดศรีดอนม","kind":"temple","kind_value":"buddhist","levels":null,"addr":null},"geometry":{"type":"Polygon","coordinates":[[[99.0607107,18.7037381],[99.0607081,18.703705],[99.0607053,18.7036705],[99.0608036,18.7036635],[99.0607979,18.7035918],[99.0606868,18.7035996],[99.0606791,18.703502],[99.0606691,18.7033761],[99.0609459,18.7033564],[99.0609586,18.703516],[99.0610442,18.7035099],[99.0610498,18.7035814],[99.0612582,18.7035666],[99.0612627,18.7036232],[99.061044,18.7036387],[99.0610578,18.7038128],[99.0607839,18.7038322],[99.0607761,18.7037335],[99.0607107,18.7037381]]]}},{"type":"Feature","id":103814241,"properties":{"id":103814241,"height":9,"base_height":0,"name_th":null,"name_en":"Seventh Day Adventist","name":"คริสตจักรเซเว่นธ์เดย์แอ๊ดเวนตีส","kind":"temple","kind_value":"christian","levels":null,"addr":"ถนนมณีนพรัตน์ 248/1"},"geometry":{"type":"Polygon","coordinates":[[[98.9832338,18.7963159],[98.9833828,18.7963139],[98.9833807,18.7961771],[98.9833273,18.7961779],[98.9833244,18.7959886],[98.9832288,18.7959899],[98.9832338,18.7963159]]]}},{"type":"Feature","id":103972204,"properties":{"id":103972204,"height":9,"base_height":0,"name_th":"วัดพัฒนาตัวอย่าง","name_en":"Wat Phatthana Tuayang","name":"วัดพัฒนาตัวอย่าง","kind":"temple","kind_value":"buddhist","levels":null,"addr":null},"geometry":{"type":"Polygon","coordinates":[[[99.1241344,18.7484481],[99.1236827,18.7478083],[99.1231366,18.7481509],[99.1227305,18.7484432],[99.1223496,18.7487353],[99.1227987,18.7493192],[99.1234209,18.7489078],[99.1241344,18.7484481]]]}},{"type":"Feature","id":104636963,"properties":{"id":104636963,"height":9,"base_height":0,"name_th":"วัดเสาหิน","name_en":"Sao Hin Temple","name":"วัดเสาหิน","kind":"temple","kind_value":"buddhist","levels":null,"addr":null},"geometry":{"type":"Polygon","coordinates":[[[99.0030711,18.7543369],[99.0032857,18.7543557],[99.0033269,18.7541301],[99.0037138,18.7537564],[99.0032113,18.753268],[99.0027362,18.7527615],[99.0025457,18.7528833],[99.0024356,18.7529696],[99.002369,18.7530086],[99.0022321,18.7531111],[99.0017475,18.7533924],[99.0016642,18.7533971],[99.0015544,18.7535499],[99.0023021,18.754056],[99.0027363,18.75435],[99.0029052,18.754477],[99.0030711,18.7543369]]]}},{"type":"Feature","id":104668279,"properties":{"id":104668279,"height":9,"base_height":0,"name_th":"วัดสรีคำชมภู","name_en":"Wat Si Kham Chom Phu","name":"วัดสรีคำชมภู","kind":"temple","kind_value":"buddhist","levels":null,"addr":null},"geometry":{"type":"Polygon","coordinates":[[[99.0523674,18.7380325],[99.0521416,18.7376532],[99.0515273,18.7379326],[99.0517505,18.7383576],[99.0523674,18.7380325]]]}},{"type":"Feature","id":104819371,"properties":{"id":104819371,"height":9,"base_height":0,"name_th":"วัดดงขี้เหล็ก","name_en":"Wat Dong Khilek","name":"วัดดงขี้เหล็ก","kind":"temple","kind_value":"buddhist","levels":null,"addr":null},"geometry":{"type":"Polygon","coordinates":[[[99.1497228,18.7205552],[99.1498033,18.7210684],[99.1490174,18.7212995],[99.1489852,18.7212233],[99.1488297,18.7204511],[99.1495807,18.7205578],[99.1497228,18.7205552]]]}},{"type":"Feature","id":105290980,"properties":{"id":105290980,"height":9,"base_height":0,"name_th":"คริสตจักรที๑ เชียงใหม่","name_en":"Church of Christ","name":"คริสตจักรที๑ เชียงใหม่","kind":"temple","kind_value":"christian","levels":null,"addr":null},"geometry":{"type":"Polygon","coordinates":[[[99.0049738,18.789072],[99.0049505,18.7890324],[99.0051471,18.7889286],[99.0051517,18.7887937],[99.0052566,18.7887347],[99.0052588,18.788542],[99.0053271,18.7885425],[99.005314,18.7887371],[99.0054441,18.7888039],[99.0054333,18.7889613],[99.0052885,18.7890324],[99.0051732,18.788974],[99.0049738,18.789072]]]}},{"type":"Feature","id":105702219,"properties":{"id":105702219,"height":9,"base_height":0,"name_th":"วัดถาวรรังษี","name_en":"Wat Thaworangsee","name":"วัดถาวรรังษี","kind":"temple","kind_value":"buddhist","levels":null,"addr":null},"geometry":{"type":"Polygon","coordinates":[[[99.1412934,18.7972177],[99.1409031,18.7974656],[99.1406779,18.7977275],[99.1411399,18.7984205],[99.1416495,18.7981463],[99.141612,18.7980422],[99.1414913,18.7975979],[99.1412934,18.7972177]]]}},{"type":"Feature","id":105702226,"properties":{"id":105702226,"height":9,"base_height":0,"name_th":"วัดแม่ฮ้อยเงิน","name_en":"Wat Maehoyngern","name":"วัดแม่ฮ้อยเงิน","kind":"temple","kind_value":"buddhist","levels":null,"addr":null},"geometry":{"type":"Polygon","coordinates":[[[99.1517212,18.8078049],[99.1511258,18.8080512],[99.1509219,18.807645],[99.1509803,18.8074928],[99.1515159,18.8072938],[99.1517212,18.8078049]]]}},{"type":"Feature","id":105703499,"properties":{"id":105703499,"height":9,"base_height":0,"name_th":"วัดหิรัญญาวาส","name_en":"Wat Hiran Ya Wat","name":"วัดหิรัญญาวาส","kind":"temple","kind_value":"buddhist","levels":null,"addr":null},"geometry":{"type":"Polygon","coordinates":[[[99.1545449,18.8124945],[99.1550827,18.8121835],[99.1553288,18.8124944],[99.1548165,18.8127737],[99.1545449,18.8124945]]]}},{"type":"Feature","id":105705237,"properties":{"id":105705237,"height":9,"base_height":0,"name_th":"วัดแม่โป่ง","name_en":"Wat Mae Pong","name":"วัดแม่โป่ง","kind":"temple","kind_value":"buddhist","levels":null,"addr":null},"geometry":{"type":"Polygon","coordinates":[[[99.1700864,18.8206136],[99.1706979,18.8205222],[99.1710393,18.8214506],[99.1709711,18.8216596],[99.1708878,18.821678],[99.170427,18.8217637],[99.1703439,18.8217586],[99.170279,18.8217237],[99.1700864,18.8206136]]]}},{"type":"Feature","id":105726056,"properties":{"id":105726056,"height":9,"base_height":0,"name_th":"วัดโชคชัย","name_en":"Wat Chok Chai","name":"วัดโชคชัย","kind":"temple","kind_value":"buddhist","levels":null,"addr":null},"geometry":{"type":"Polygon","coordinates":[[[99.1496936,18.8455149],[99.1501844,18.8447737],[99.1505733,18.8449209],[99.1508496,18.8454108],[99.1510964,18.845619],[99.1509864,18.8457256],[99.1504741,18.846048],[99.1500152,18.8457794],[99.1496936,18.8455149]]]}},{"type":"Feature","id":106049225,"properties":{"id":106049225,"height":9,"base_height":0,"name_th":"วัดกัญจน์นิธยาราม","name_en":"Wat Kan Ni Thaya Ram","name":"วัดกัญจน์นิธยาราม","kind":"temple","kind_value":"buddhist","levels":null,"addr":null},"geometry":{"type":"Polygon","coordinates":[[[99.1829019,18.8346146],[99.1824352,18.8344775],[99.1821321,18.8342236],[99.1820624,18.8341221],[99.1820731,18.8338911],[99.1820007,18.8336753],[99.1820544,18.8335077],[99.1821992,18.8334443],[99.1825935,18.8335636],[99.1827946,18.8336905],[99.1830387,18.8339241],[99.1829448,18.8340484],[99.1830657,18.8342146],[99.1830709,18.8344115],[99.1829985,18.8345156],[99.183028,18.8346526],[99.1829019,18.8346146]]]}},{"type":"Feature","id":106049238,"properties":{"id":106049238,"height":9,"base_height":0,"name_th":null,"name_en":"Suriyachaitham Church","name":"สุริยะขัยธรรม","kind":"temple","kind_value":"christian","levels":null,"addr":null},"geometry":{"type":"Polygon","coordinates":[[[99.1089787,18.7669666],[99.108783,18.7670581],[99.1087307,18.7669577],[99.1089265,18.7668663],[99.1089787,18.7669666]]]}},{"type":"Feature","id":106052808,"properties":{"id":106052808,"height":9,"base_height":0,"name_th":"วัดไชยพฤกษาวาส","name_en":"Wat Chai Phrueksa Wat","name":"วัดไชยพฤกษาวาส","kind":"temple","kind_value":"buddhist","levels":null,"addr":null},"geometry":{"type":"Polygon","coordinates":[[[99.1008283,18.7833879],[99.1008745,18.7831859],[99.1009631,18.782926],[99.1011196,18.7828043],[99.1014342,18.7832113],[99.101566,18.7833819],[99.1013708,18.783472],[99.1013579,18.7836277],[99.1011711,18.7837171],[99.1010581,18.7836112],[99.1009588,18.7836541],[99.1009496,18.7836354],[99.1008283,18.7833879]]]}},{"type":"Feature","id":106083741,"properties":{"id":106083741,"height":9,"base_height":0,"name_th":"วัดดาวดึงส์","name_en":"Wat Dao Dueng","name":"วัดดาวดึงส์","kind":"temple","kind_value":"buddhist","levels":null,"addr":null},"geometry":{"type":"Polygon","coordinates":[[[98.9910238,18.7787457],[98.9918141,18.7787782],[98.9917101,18.7785645],[98.9917028,18.7782993],[98.9916151,18.7782044],[98.9910615,18.7781679],[98.9910238,18.7787457]]]}},{"type":"Feature","id":106353156,"properties":{"id":106353156,"height":9,"base_height":0,"name_th":"วัดป่งช้างคด","name_en":"Wat Pong Chang Khot","name":"วัดป่งช้างคด","kind":"temple","kind_value":"buddhist","levels":null,"addr":null},"geometry":{"type":"Polygon","coordinates":[[[99.0802832,18.6952137],[99.0806694,18.6953331],[99.0808759,18.69545],[99.0813185,18.6957295],[99.0812729,18.6959556],[99.0811522,18.6961817],[99.0809645,18.6964129],[99.0809269,18.6964764],[99.0809242,18.6965476],[99.0809269,18.6967229],[99.0807311,18.6968346],[99.0805997,18.6967838],[99.0802295,18.6969236],[99.0798487,18.6965933],[99.0799801,18.6962173],[99.0799291,18.6957269],[99.0799398,18.6956202],[99.0802832,18.6952137]]]}},{"type":"Feature","id":106353161,"properties":{"id":106353161,"height":9,"base_height":0,"name_th":"วัดร้อยพร้อม","name_en":"Wat Roi Phrom","name":"วัดร้อยพร้อม","kind":"temple","kind_value":"buddhist","levels":null,"addr":null},"geometry":{"type":"Polygon","coordinates":[[[99.0954378,18.7181469],[99.0950757,18.7176236],[99.0955853,18.7173493],[99.0958321,18.7179335],[99.0954378,18.7181469]]]}},{"type":"Feature","id":106353163,"properties":{"id":106353163,"height":9,"base_height":0,"name_th":"วัดกอสะเลียม","name_en":"Wat Ko Sa Liam","name":"วัดกอสะเลียม","kind":"temple","kind_value":"buddhist","levels":null,"addr":null},"geometry":{"type":"Polygon","coordinates":[[[99.1036829,18.6992457],[99.1036212,18.6988748],[99.1035863,18.6985445],[99.1036131,18.6985267],[99.104281,18.6985598],[99.1044285,18.6993829],[99.1039404,18.6995938],[99.1037151,18.699327],[99.1036829,18.6992457]]]}},{"type":"Feature","id":106358433,"properties":{"id":106358433,"height":9,"base_height":0,"name_th":"วัดศรีทรายมูล","name_en":"Wat Si Sai Mun","name":"วัดศรีทรายมูล","kind":"temple","kind_value":"buddhist","levels":null,"addr":null},"geometry":{"type":"Polygon","coordinates":[[[99.0109272,18.6528131],[99.0109075,18.6527382],[99.0110964,18.6526934],[99.0111162,18.6527683],[99.0109272,18.6528131]]]}},{"type":"Feature","id":106376618,"properties":{"id":106376618,"height":9,"base_height":0,"name_th":"วัดแม่หาด","name_en":"Wat Mae Hat","name":"วัดแม่หาด","kind":"temple","kind_value":"buddhist","levels":null,"addr":null},"geometry":{"type":"Polygon","coordinates":[[[99.1164121,18.6984098],[99.1157684,18.6987198],[99.115425,18.6977797],[99.1160849,18.6975257],[99.1162673,18.6978661],[99.1164121,18.6984098]]]}},{"type":"Feature","id":106387230,"properties":{"id":106387230,"height":9,"base_height":0,"name_th":"วัดบวกค้าง","name_en":"Wat Buak Khang","name":"วัดบวกค้าง","kind":"temple","kind_value":"buddhist","levels":null,"addr":null},"geometry":{"type":"Polygon","coordinates":[[[99.1187114,18.7220581],[99.1183352,18.7215179],[99.118059,18.7213045],[99.1179919,18.7213884],[99.1177478,18.7214874],[99.1178498,18.7217288],[99.1179758,18.7219142],[99.1180241,18.7219701],[99.1181582,18.722125],[99.1182709,18.7221504],[99.1183808,18.7222419],[99.1187114,18.7220581]]]}},{"type":"Feature","id":106514810,"properties":{"id":106514810,"height":9,"base_height":0,"name_th":"วัดย่าพาย","name_en":"Wat Ya Phai","name":"วัดย่าพาย","kind":"temple","kind_value":"buddhist","levels":null,"addr":null},"geometry":{"type":"Polygon","coordinates":[[[99.0878007,18.7216098],[99.0872488,18.7216119],[99.0870129,18.7212233],[99.0875489,18.7209309],[99.0876812,18.7211324],[99.0877334,18.7213031],[99.0878007,18.7216098]]]}},{"type":"Feature","id":106899433,"properties":{"id":106899433,"height":9,"base_height":0,"name_th":"วัดศีรดอนชัย","name_en":"Wat Si Don Chai","name":"วัดศีรดอนชัย","kind":"temple","kind_value":"buddhist","levels":null,"addr":null},"geometry":{"type":"Polygon","coordinates":[[[99.1582073,18.6593252],[99.1584227,18.6592161],[99.1583714,18.6591253],[99.1581561,18.6592344],[99.1582073,18.6593252]]]}},{"type":"Feature","id":106986662,"properties":{"id":106986662,"height":9,"base_height":0,"name_th":"วัดห้วยยาบ","name_en":"Wat Huai Yap","name":"วัดห้วยยาบ","kind":"temple","kind_value":"buddhist","levels":null,"addr":null},"geometry":{"type":"Polygon","coordinates":[[[99.1516973,18.6680618],[99.1516567,18.6679783],[99.1513775,18.6680999],[99.1514181,18.6681835],[99.1516973,18.6680618]]]}},{"type":"Feature","id":106986663,"properties":{"id":106986663,"height":9,"base_height":0,"name_th":"วัดห้วยไฃ","name_en":"Wat Huai Ai","name":"วัดห้วยไฃ","kind":"temple","kind_value":"buddhist","levels":null,"addr":null},"geometry":{"type":"Polygon","coordinates":[[[99.1538098,18.6871921],[99.1536256,18.6868699],[99.1542049,18.6864329],[99.1545831,18.6869538],[99.1545697,18.6870097],[99.1543444,18.6871799],[99.1540976,18.6871418],[99.1538098,18.6871921]]]}},{"type":"Feature","id":114651040,"properties":{"id":114651040,"height":9,"base_height":0,"name_th":"วัดพระธาตุดอยสุเทพ","name_en":"Wat Phrathat Doi Suthep Racha Worawihan","name":"วัดพระธาตุดอยสุเทพราชวรวิหาร","kind":"temple","kind_value":"buddhist","levels":null,"addr":"Sriwichai Alley"},"geometry":{"type":"Polygon","coordinates":[[[98.9215337,18.8053209],[98.9212039,18.8052631],[98.920972,18.805126],[98.9207253,18.8045192],[98.9211077,18.8039824],[98.9214399,18.8039885],[98.9215633,18.8039275],[98.921633,18.8039681],[98.9218002,18.8041576],[98.9219256,18.8042665],[98.9220568,18.8043338],[98.9221641,18.8043693],[98.9223435,18.8044466],[98.9227045,18.8048927],[98.9232829,18.8045169],[98.9234814,18.804819],[98.9234063,18.8052024],[98.9228618,18.805794],[98.9224917,18.8059134],[98.9215337,18.8053209]]]}},{"type":"Feature","id":116895588,"properties":{"id":116895588,"height":9,"base_height":0,"name_th":null,"name_en":null,"name":null,"kind":"temple","kind_value":"buddhist","levels":null,"addr":null},"geometry":{"type":"Polygon","coordinates":[[[99.1603184,18.7784485],[99.1603778,18.7784218],[99.1604345,18.7783968],[99.1610656,18.7781183],[99.1611295,18.778248],[99.1614543,18.7788964],[99.1610405,18.7790823],[99.1607159,18.7792304],[99.1604327,18.7786743],[99.1603381,18.7784879],[99.1603184,18.7784485]]]}},{"type":"Feature","id":121652289,"properties":{"id":121652289,"height":9,"base_height":0,"name_th":"อาสนวิหารพระหฤทัย","name_en":"Sacred Heart Church","name":"อาสนวิหารพระหฤทัย","kind":"temple","kind_value":"christian","levels":null,"addr":null},"geometry":{"type":"Polygon","coordinates":[[[99.0028574,18.7749704],[99.0029047,18.7750543],[99.0029611,18.7750259],[99.0030906,18.7752557],[99.0030463,18.7752781],[99.0030799,18.7753377],[99.0033891,18.7751815],[99.0032567,18.7749466],[99.0032259,18.774892],[99.0032526,18.7748785],[99.0032053,18.7747946],[99.0029131,18.7749423],[99.0028574,18.7749704]]]}},{"type":"Feature","id":122483975,"properties":{"id":122483975,"height":9,"base_height":0,"name_th":"วัดแม่สะลาบ","name_en":"Wat Mae Sa Lap","name":"วัดแม่สะลาบ","kind":"temple","kind_value":"buddhist","levels":null,"addr":null},"geometry":{"type":"Polygon","coordinates":[[[99.0620895,18.680623],[99.0621137,18.6810519],[99.0620462,18.6812583],[99.061628,18.6812469],[99.0616378,18.6806238],[99.0620895,18.680623]]]}},{"type":"Feature","id":122613913,"properties":{"id":122613913,"height":9,"base_height":0,"name_th":null,"name_en":null,"name":"Henry Luce Chapel","kind":"temple","kind_value":"christian","levels":null,"addr":null},"geometry":{"type":"Polygon","coordinates":[[[99.0317889,18.7961084],[99.0318688,18.7959653],[99.0319126,18.7959878],[99.0319362,18.7959465],[99.0320899,18.7960252],[99.0320692,18.7960615],[99.0321066,18.7960807],[99.0321015,18.7961903],[99.0320478,18.7962179],[99.0320009,18.7962166],[99.0319662,18.7962403],[99.0318865,18.7962524],[99.0318112,18.796175],[99.031832,18.7961352],[99.0317889,18.7961084]]]}},{"type":"Feature","id":134401546,"properties":{"id":134401546,"height":9,"base_height":0,"name_th":"วัดบุปผาราม","name_en":"Wat Buppha Ram","name":"วัดบุปผาราม","kind":"temple","kind_value":"buddhist","levels":null,"addr":null},"geometry":{"type":"Polygon","coordinates":[[[98.9377615,18.9221488],[98.9381584,18.9224558],[98.9377052,18.9231231],[98.9373613,18.9232945],[98.9371032,18.922953],[98.9370078,18.923151],[98.9369059,18.9228669],[98.9369633,18.9227998],[98.9370319,18.9227197],[98.9372304,18.9225497],[98.9374369,18.922362],[98.9376408,18.9222199],[98.9377615,18.9221488]]]}},{"type":"Feature","id":135952556,"properties":{"id":135952556,"height":9,"base_height":0,"name_th":"วัดดอกเอื้อง","name_en":"Wat Dokeung","name":"วัดดอกเอื้อง","kind":"temple","kind_value":"buddhist","levels":null,"addr":null},"geometry":{"type":"Polygon","coordinates":[[[98.9920735,18.7900182],[98.992846,18.7899433],[98.9928729,18.7901524],[98.9929085,18.790388],[98.9920782,18.7904061],[98.9920735,18.7900182]]]}},{"type":"Feature","id":135952568,"properties":{"id":135952568,"height":9,"base_height":0,"name_th":"วัดชมพู","name_en":"Wat Chomphu","name":"วัดชมพู","kind":"temple","kind_value":"buddhist","levels":null,"addr":null},"geometry":{"type":"Polygon","coordinates":[[[98.9942887,18.7915266],[98.9947973,18.7915278],[98.9948118,18.7912372],[98.994682,18.7909477],[98.9946535,18.7908842],[98.9944135,18.7908995],[98.994352,18.7910377],[98.9942914,18.7914022],[98.9942887,18.7915266]]]}},{"type":"Feature","id":140073543,"properties":{"id":140073543,"height":9,"base_height":0,"name_th":"วัดต้นโชคหลาง","name_en":"Wat Ton Chok Lang","name":"วัดต้นโชคหลาง","kind":"temple","kind_value":"buddhist","levels":null,"addr":null},"geometry":{"type":"Polygon","coordinates":[[[99.0452857,18.7279764],[99.0457321,18.7279093],[99.0456251,18.7272884],[99.0451823,18.7273555],[99.0452857,18.7279764]]]}},{"type":"Feature","id":142772107,"properties":{"id":142772107,"height":9,"base_height":0,"name_th":"คริสตจักรฟ้าสิริ","name_en":"Glorious Sky Church","name":"คริสตจักรฟ้าสิริ","kind":"temple","kind_value":"christian","levels":null,"addr":null},"geometry":{"type":"Polygon","coordinates":[[[99.0685246,18.814943],[99.068642,18.8148505],[99.0689424,18.815192],[99.068825,18.8152845],[99.0685246,18.814943]]]}},{"type":"Feature","id":143042436,"properties":{"id":143042436,"height":9,"base_height":0,"name_th":"วัดสันต้นเปา","name_en":"Wat San Ton Pao","name":"วัดสันต้นเปา","kind":"temple","kind_value":"buddhist","levels":null,"addr":null},"geometry":{"type":"Polygon","coordinates":[[[99.0957728,18.866481],[99.0956843,18.8658998],[99.0963307,18.865811],[99.0966955,18.8660242],[99.096795,18.8664204],[99.0964488,18.8665343],[99.0964219,18.8664277],[99.0957728,18.866481]]]}},{"type":"Feature","id":143725021,"properties":{"id":143725021,"height":9,"base_height":0,"name_th":"วัดปูคาเหนือ","name_en":"Wat Pooka Nua","name":"วัดปูคาเหนือ","kind":"temple","kind_value":"buddhist","levels":null,"addr":null},"geometry":{"type":"Polygon","coordinates":[[[99.1153663,18.7719041],[99.1150015,18.7720311],[99.1147976,18.7714724],[99.1148405,18.7713657],[99.1150605,18.7713048],[99.1152107,18.7714114],[99.1153663,18.7719041]]]}},{"type":"Feature","id":144054116,"properties":{"id":144054116,"height":9,"base_height":0,"name_th":"วัดบ้านท่อ","name_en":"Wat Ban Tho","name":"วัดบ้านท่อ","kind":"temple","kind_value":"buddhist","levels":null,"addr":null},"geometry":{"type":"Polygon","coordinates":[[[99.0462457,18.8459994],[99.0457307,18.8461923],[99.0454678,18.8458318],[99.0454839,18.8456135],[99.0458812,18.8454107],[99.0459935,18.8454968],[99.0462457,18.8459994]]]}},{"type":"Feature","id":144194426,"properties":{"id":144194426,"height":9,"base_height":0,"name_th":"วัดเมืองขอน","name_en":"Wat Mueang Khon","name":"วัดเมืองขอน","kind":"temple","kind_value":"buddhist","levels":null,"addr":null},"geometry":{"type":"Polygon","coordinates":[[[99.067398,18.8786365],[99.067572,18.8781126],[99.0682748,18.8783918],[99.068028,18.8788892],[99.067398,18.8786365]]]}},{"type":"Feature","id":145079406,"properties":{"id":145079406,"height":9,"base_height":0,"name_th":"วัดศรีสองเมือง","name_en":"Si Song Mueang Temple","name":"วัดศรีสองเมือง","kind":"temple","kind_value":"buddhist","levels":null,"addr":null},"geometry":{"type":"Polygon","coordinates":[[[99.0439875,18.7332181],[99.0445347,18.7331876],[99.0445518,18.7334256],[99.0445078,18.7337414],[99.0440894,18.7337617],[99.0440476,18.733705],[99.0439875,18.7332181]]]}},{"type":"Feature","id":145080211,"properties":{"id":145080211,"height":9,"base_height":0,"name_th":"วัดนำโจ้","name_en":"Wat Nam Cho","name":"วัดนำโจ้","kind":"temple","kind_value":"buddhist","levels":null,"addr":null},"geometry":{"type":"Polygon","coordinates":[[[98.9953909,18.6870755],[98.9953729,18.687638],[98.9944643,18.6876078],[98.9943592,18.6871304],[98.9948899,18.6870618],[98.9953909,18.6870755]]]}},{"type":"Feature","id":145082486,"properties":{"id":145082486,"height":9,"base_height":0,"name_th":"วัดร้อยจันทร์","name_en":"Wat Roi Chan","name":"วัดร้อยจันทร์","kind":"temple","kind_value":"buddhist","levels":null,"addr":null},"geometry":{"type":"Polygon","coordinates":[[[98.9330744,18.7218496],[98.933546,18.7216426],[98.9335212,18.721592],[98.9334575,18.7214651],[98.9333661,18.721271],[98.9332911,18.7213027],[98.9329734,18.7214404],[98.9329127,18.7214654],[98.9328957,18.7214729],[98.9330283,18.7217554],[98.9330744,18.7218496]]]}},{"type":"Feature","id":145401051,"properties":{"id":145401051,"height":9,"base_height":0,"name_th":"วัดช้างคำ","name_en":"Wat Chang Kham","name":null,"kind":"temple","kind_value":"buddhist","levels":null,"addr":null},"geometry":{"type":"Polygon","coordinates":[[[98.9330164,18.6944821],[98.9328069,18.6938987],[98.9327938,18.6938622],[98.9329589,18.6937149],[98.9331929,18.6936669],[98.9337728,18.6937047],[98.933746,18.694383],[98.9335085,18.6943786],[98.9332049,18.6944216],[98.9330164,18.6944821]]]}},{"type":"Feature","id":146186494,"properties":{"id":146186494,"height":9,"base_height":0,"name_th":"วัดสันต้นกอก","name_en":"Wat San Ton Kok","name":null,"kind":"temple","kind_value":"buddhist","levels":null,"addr":null},"geometry":{"type":"Polygon","coordinates":[[[98.9950158,18.6973411],[98.9952431,18.6973111],[98.9952299,18.6972218],[98.9950026,18.6972518],[98.9950158,18.6973411]]]}},{"type":"Feature","id":146187145,"properties":{"id":146187145,"height":9,"base_height":0,"name_th":"วัดกู่แดง","name_en":"Wat Ku Daeng","name":"วัดกู่แดง","kind":"temple","kind_value":"buddhist","levels":null,"addr":null},"geometry":{"type":"Polygon","coordinates":[[[99.0116938,18.6869919],[99.0116215,18.6870643],[99.0107362,18.6872206],[99.0106115,18.686739],[99.0107765,18.6866032],[99.0110046,18.6865003],[99.011616,18.6864126],[99.0116938,18.6869919]]]}},{"type":"Feature","id":146853054,"properties":{"id":146853054,"height":9,"base_height":0,"name_th":"วัดหองเฃาคำ","name_en":"Wat Hong Ao Kham","name":"วัดหองเฃาคำ","kind":"temple","kind_value":"buddhist","levels":null,"addr":null},"geometry":{"type":"Polygon","coordinates":[[[99.0539736,18.8904262],[99.0538394,18.8897105],[99.0545644,18.8896161],[99.0546656,18.8896547],[99.0549928,18.8896598],[99.0550572,18.8897156],[99.0551752,18.8903399],[99.0546235,18.8904688],[99.0539736,18.8904262]]]}},{"type":"Feature","id":146853058,"properties":{"id":146853058,"height":9,"base_height":0,"name_th":"วัดคอกหมูป่า","name_en":"Wat Khok Mupa","name":"วัดคอกหมูป่า","kind":"temple","kind_value":"buddhist","levels":null,"addr":null},"geometry":{"type":"Polygon","coordinates":[[[99.060343,18.8520328],[99.0609044,18.8517569],[99.0611757,18.8521129],[99.0610558,18.8521638],[99.0610843,18.8522398],[99.060816,18.8523416],[99.060343,18.8520328]]]}},{"type":"Feature","id":146854911,"properties":{"id":146854911,"height":9,"base_height":0,"name_th":"วัดเมืองวะ","name_en":"Wat Mueang Wa","name":"วัดเมืองวะ","kind":"temple","kind_value":"buddhist","levels":null,"addr":null},"geometry":{"type":"Polygon","coordinates":[[[99.0741888,18.8809156],[99.0745376,18.8807723],[99.0747951,18.8807241],[99.0750029,18.8812692],[99.0747159,18.8815738],[99.0742304,18.881485],[99.0741888,18.8809156]]]}},{"type":"Feature","id":146856828,"properties":{"id":146856828,"height":9,"base_height":0,"name_th":"วัดเมืองเล็น","name_en":"Wat Mueang Len","name":"วัดเมืองเล็น","kind":"temple","kind_value":"buddhist","levels":null,"addr":null},"geometry":{"type":"Polygon","coordinates":[[[99.0724934,18.869301],[99.0731053,18.869304],[99.073108,18.8688158],[99.0724961,18.8688128],[99.0724934,18.869301]]]}},{"type":"Feature","id":146862756,"properties":{"id":146862756,"height":9,"base_height":0,"name_th":"วัดสรีชยาราม","name_en":"Wat Si Chaya Ram","name":"วัดสรีชยาราม","kind":"temple","kind_value":"buddhist","levels":null,"addr":null},"geometry":{"type":"Polygon","coordinates":[[[99.1158844,18.8193298],[99.1165002,18.8192186],[99.116388,18.8186618],[99.1157722,18.818773],[99.1158844,18.8193298]]]}},{"type":"Feature","id":146900640,"properties":{"id":146900640,"height":9,"base_height":0,"name_th":"วัดป่าบง","name_en":"Wat Pa Bong","name":"วัดป่าบง","kind":"temple","kind_value":"buddhist","levels":null,"addr":null},"geometry":{"type":"Polygon","coordinates":[[[99.0542128,18.7403983],[99.053942,18.7404249],[99.0539069,18.74036],[99.0538582,18.7400714],[99.0539279,18.7399927],[99.0542216,18.7399505],[99.0542818,18.7402504],[99.0542128,18.7403983]]]}},{"type":"Feature","id":147020654,"properties":{"id":147020654,"height":9,"base_height":0,"name_th":"วัดชมพูนุท (วังป้อง)","name_en":"Wat Chomphunut (Wang Pong)","name":"วัดชมพูนุท (วังป้อง)","kind":"temple","kind_value":"buddhist","levels":null,"addr":null},"geometry":{"type":"Polygon","coordinates":[[[98.9972488,18.8814351],[98.9973171,18.8809696],[98.9981577,18.88108],[98.9980894,18.8815455],[98.9972488,18.8814351]]]}},{"type":"Feature","id":147234676,"properties":{"id":147234676,"height":9,"base_height":0,"name_th":null,"name_en":null,"name":null,"kind":"temple","kind_value":"unknown","levels":null,"addr":null},"geometry":{"type":"Polygon","coordinates":[[[98.9700305,18.7227378],[98.9706922,18.7224127],[98.9704502,18.721971],[98.9703675,18.7220117],[98.9697886,18.7222962],[98.9700305,18.7227378]]]}},{"type":"Feature","id":147250097,"properties":{"id":147250097,"height":9,"base_height":0,"name_th":"วัดลัฏฐวนรามิb","name_en":"Wat Lat Thuan Ramib","name":"วัดลัฏฐวนรามิb","kind":"temple","kind_value":"buddhist","levels":null,"addr":null},"geometry":{"type":"Polygon","coordinates":[[[98.9574971,18.7249499],[98.9580121,18.7250541],[98.9581972,18.72527],[98.9576098,18.725872],[98.9570733,18.7257018],[98.9570143,18.7250236],[98.9574971,18.7249499]]]}},{"type":"Feature","id":147251210,"properties":{"id":147251210,"height":9,"base_height":0,"name_th":"วัดถาวรธรรม","name_en":"Wat Thawon Tham","name":"วัดถาวรธรรม","kind":"temple","kind_value":"buddhist","levels":null,"addr":null},"geometry":{"type":"Polygon","coordinates":[[[98.9544263,18.7193762],[98.9543752,18.7190375],[98.9549351,18.7189618],[98.9549862,18.7193005],[98.9544263,18.7193762]]]}},{"type":"Feature","id":147530528,"properties":{"id":147530528,"height":9,"base_height":0,"name_th":"วัดศรีทรายมูล","name_en":"Wat Si Sai Mun","name":"วัดศรีทรายมูล","kind":"temple","kind_value":"buddhist","levels":null,"addr":null},"geometry":{"type":"Polygon","coordinates":[[[99.0202432,18.8474185],[99.0199847,18.8477208],[99.0204386,18.848083],[99.0207008,18.8477512],[99.0202432,18.8474185]]]}},{"type":"Feature","id":147532398,"properties":{"id":147532398,"height":9,"base_height":0,"name_th":"วัดป่าลาน","name_en":"Wat Pa Lan","name":"วัดป่าลาน","kind":"temple","kind_value":"buddhist","levels":null,"addr":null},"geometry":{"type":"Polygon","coordinates":[[[99.0559808,18.8687335],[99.0556579,18.8681942],[99.0561568,18.8679708],[99.0562783,18.8680208],[99.0565108,18.868514],[99.0559808,18.8687335]]]}},{"type":"Feature","id":151485480,"properties":{"id":151485480,"height":9,"base_height":0,"name_th":"วัดสุพรรณ","name_en":"Wat Suphan","name":"วัดสุพรรณ","kind":"temple","kind_value":"buddhist","levels":null,"addr":null},"geometry":{"type":"Polygon","coordinates":[[[99.063852,18.7281506],[99.0634302,18.7282438],[99.0632365,18.7282431],[99.0629276,18.7283693],[99.0628714,18.7284565],[99.0627532,18.7290382],[99.0627667,18.7294743],[99.0629146,18.7295407],[99.0632553,18.7292029],[99.0635065,18.7290863],[99.0636678,18.7289178],[99.064033,18.7281285],[99.063852,18.7281506]]]}},{"type":"Feature","id":156199226,"properties":{"id":156199226,"height":9,"base_height":0,"name_th":null,"name_en":null,"name":null,"kind":"temple","kind_value":"buddhist","levels":null,"addr":null},"geometry":{"type":"Polygon","coordinates":[[[99.0430729,18.7684081],[99.0433948,18.7683878],[99.0436952,18.7684944],[99.0435396,18.7690023],[99.0430032,18.7688855],[99.0430085,18.7684944],[99.0430729,18.7684081]]]}},{"type":"Feature","id":170930952,"properties":{"id":170930952,"height":9,"base_height":0,"name_th":"มัสยิดบ้านฮ่อ","name_en":"Baan Haw Mosque","name":"มัสยิดบ้านฮ่อ","kind":"temple","kind_value":"muslim","levels":null,"addr":null},"geometry":{"type":"Polygon","coordinates":[[[99.0016688,18.7865352],[99.0016387,18.7868745],[99.0013042,18.7869485],[99.0012828,18.7868323],[99.0013436,18.7868229],[99.0013335,18.7867866],[99.001414,18.7867713],[99.0014231,18.7865922],[99.0013845,18.786591],[99.0013845,18.786525],[99.0016688,18.7865352]]]}},{"type":"Feature","id":175827084,"properties":{"id":175827084,"height":9,"base_height":0,"name_th":null,"name_en":null,"name":null,"kind":"temple","kind_value":"buddhist","levels":null,"addr":null},"geometry":{"type":"Polygon","coordinates":[[[99.0213656,18.8314349],[99.0224184,18.8316451],[99.0226614,18.8308399],[99.0217677,18.8305982],[99.0213656,18.8314349]]]}},{"type":"Feature","id":178113810,"properties":{"id":178113810,"height":9,"base_height":0,"name_th":"วัดเบตคิชฌาวาส","name_en":"Wat Bet Khit Cha Wat","name":null,"kind":"temple","kind_value":"buddhist","levels":null,"addr":null},"geometry":{"type":"Polygon","coordinates":[[[98.8960563,18.6806029],[98.896103,18.6807095],[98.8959314,18.680777],[98.8958847,18.6806704],[98.8960563,18.6806029]]]}},{"type":"Feature","id":180656831,"properties":{"id":180656831,"height":9,"base_height":0,"name_th":"วัดนาถสำราญ","name_en":"Wat Nat Samran","name":"วัดนาถสำราญ","kind":"temple","kind_value":"buddhist","levels":null,"addr":null},"geometry":{"type":"Polygon","coordinates":[[[99.1312429,18.8499751],[99.1317525,18.8500005],[99.1316184,18.8505538],[99.131142,18.8505343],[99.1311163,18.8504708],[99.1312429,18.8499751]]]}},{"type":"Feature","id":185208208,"properties":{"id":185208208,"height":9,"base_height":0,"name_th":"วัดตองกาย","name_en":"Wat Tong Kai","name":"วัดตองกาย","kind":"temple","kind_value":"buddhist","levels":null,"addr":null},"geometry":{"type":"Polygon","coordinates":[[[98.9305001,18.7374213],[98.931254,18.7374241],[98.9312879,18.7378146],[98.9306631,18.7378169],[98.9304975,18.7378078],[98.9305001,18.7374213]]]}},{"type":"Feature","id":185567002,"properties":{"id":185567002,"height":9,"base_height":0,"name_th":"วัดสันต้นม่วงเหนือ","name_en":"Wat Sun Ton Meung Nue","name":"วัดสันต้นม่วงเหนือ","kind":"temple","kind_value":"buddhist","levels":null,"addr":null},"geometry":{"type":"Polygon","coordinates":[[[99.0996689,18.8158656],[99.0996206,18.8158098],[99.0990573,18.8159139],[99.0990841,18.8163836],[99.0991421,18.8165897],[99.0992719,18.8166781],[99.0998153,18.8166456],[99.0996689,18.8158656]]]}},{"type":"Feature","id":185960516,"properties":{"id":185960516,"height":9,"base_height":0,"name_th":null,"name_en":null,"name":null,"kind":"temple","kind_value":"buddhist","levels":null,"addr":null},"geometry":{"type":"Polygon","coordinates":[[[99.0657967,18.8255999],[99.0655168,18.8252546],[99.0653139,18.8250313],[99.0651127,18.8249145],[99.0649196,18.8249196],[99.0647255,18.8249575],[99.0645012,18.8250567],[99.0644278,18.825219],[99.0647786,18.8259233],[99.0648606,18.8259679],[99.0650135,18.8259349],[99.0654372,18.825775],[99.0655928,18.8257471],[99.065903,18.8258055],[99.0658986,18.8257445],[99.0657967,18.8255999]]]}},{"type":"Feature","id":189056074,"properties":{"id":189056074,"height":9,"base_height":0,"name_th":null,"name_en":"Wat Chetupon","name":"วัดเชตุพน","kind":"temple","kind_value":"buddhist","levels":null,"addr":null},"geometry":{"type":"Polygon","coordinates":[[[99.0030409,18.7970666],[99.002939,18.7977217],[99.0041112,18.7980265],[99.0043063,18.7973574],[99.0038161,18.7972355],[99.0032394,18.797092],[99.0030409,18.7970666]]]}},{"type":"Feature","id":192656137,"properties":{"id":192656137,"height":9,"base_height":0,"name_th":null,"name_en":"Tanung Lenung Meditation Center","name":"ศูนย์ปฏิบัติธรรม ตาณัง เลณัง","kind":"temple","kind_value":"unknown","levels":null,"addr":null},"geometry":{"type":"Polygon","coordinates":[[[99.0982382,18.7971663],[99.0985142,18.7981642],[99.0986081,18.7986696],[99.0986966,18.7988624],[99.0988173,18.7990911],[99.0989165,18.7993271],[99.0981199,18.7999871],[99.0977015,18.7997538],[99.097562,18.799751],[99.0965911,18.7990733],[99.0963282,18.7988497],[99.0960359,18.7984993],[99.0958803,18.7981667],[99.0958695,18.7980927],[99.0961296,18.7978988],[99.0964605,18.7973272],[99.0970151,18.7976818],[99.0982382,18.7971663]]]}},{"type":"Feature","id":196679061,"properties":{"id":196679061,"height":9,"base_height":0,"name_th":"วัดปูคาใต้","name_en":"Wat Pu Kha Tai","name":"วัดปูคาใต้","kind":"temple","kind_value":"buddhist","levels":null,"addr":null},"geometry":{"type":"Polygon","coordinates":[[[99.1129447,18.7651874],[99.1132256,18.7657732],[99.1123787,18.7660802],[99.1123546,18.7658122],[99.1124244,18.7655074],[99.1125585,18.7653144],[99.1129447,18.7651874]]]}},{"type":"Feature","id":198868686,"properties":{"id":198868686,"height":9,"base_height":0,"name_th":"วัดศรีประดู่","name_en":"Wat Si Pradu","name":"วัดศรีประดู่","kind":"temple","kind_value":"buddhist","levels":null,"addr":null},"geometry":{"type":"Polygon","coordinates":[[[99.1007944,18.8411565],[99.1008588,18.8418114],[99.1002373,18.8419051],[99.0999147,18.8413545],[99.1000442,18.8412146],[99.1001725,18.8412047],[99.1007944,18.8411565]]]}},{"type":"Feature","id":199769536,"properties":{"id":199769536,"height":9,"base_height":0,"name_th":null,"name_en":null,"name":"วัดสันพระเนตร","kind":"temple","kind_value":"buddhist","levels":null,"addr":null},"geometry":{"type":"Polygon","coordinates":[[[99.0449924,18.8046518],[99.0444893,18.8046108],[99.0443173,18.805076],[99.0448755,18.8051745],[99.0449924,18.8046518]]]}},{"type":"Feature","id":205009315,"properties":{"id":205009315,"height":9,"base_height":0,"name_th":"วัดศรีโสดา","name_en":"Wat Si Soda (Phra Aram Luang)","name":"วัดศรีโสดา (พระอาราหลวง)","kind":"temple","kind_value":"buddhist","levels":null,"addr":null},"geometry":{"type":"Polygon","coordinates":[[[98.9457884,18.8140629],[98.9462392,18.8140303],[98.9462184,18.8137723],[98.9457676,18.8138048],[98.9457884,18.8140629]]]}},{"type":"Feature","id":206239578,"properties":{"id":206239578,"height":9,"base_height":0,"name_th":"วัดตำหนักธรรมนิมิต","name_en":"Wat Tamnak Tamma Nimit","name":null,"kind":"temple","kind_value":"buddhist","levels":null,"addr":null},"geometry":{"type":"Polygon","coordinates":[[[98.9200556,18.9436228],[98.9202333,18.9436432],[98.9202443,18.9435577],[98.9200666,18.9435373],[98.9200556,18.9436228]]]}},{"type":"Feature","id":208416772,"properties":{"id":208416772,"height":9,"base_height":0,"name_th":"วัดดอนมูล","name_en":"Wat Don Mun","name":"วัดดอนมูล","kind":"temple","kind_value":"buddhist","levels":null,"addr":null},"geometry":{"type":"Polygon","coordinates":[[[99.1491549,18.7381518],[99.1494336,18.7381098],[99.1494145,18.7379964],[99.1491358,18.7380384],[99.1491549,18.7381518]]]}},{"type":"Feature","id":220573058,"properties":{"id":220573058,"height":9,"base_height":0,"name_th":"วัดอุโบสถ","name_en":"Wat Ubosot","name":"วัดอุโบสถ","kind":"temple","kind_value":"buddhist","levels":null,"addr":null},"geometry":{"type":"Polygon","coordinates":[[[99.0494055,18.7532592],[99.0499053,18.7533272],[99.0498491,18.7540635],[99.0492957,18.7539419],[99.0491603,18.7538757],[99.0494055,18.7532592]]]}},{"type":"Feature","id":220980844,"properties":{"id":220980844,"height":9,"base_height":0,"name_th":"วัดศรีดอนไชย","name_en":"Wat Sri Dornchai","name":"วัดศรีดอนไชย","kind":"temple","kind_value":"buddhist","levels":null,"addr":null},"geometry":{"type":"Polygon","coordinates":[[[99.0010567,18.7812293],[99.0009691,18.7818286],[98.9999513,18.7818131],[98.9999182,18.7815891],[98.9998632,18.7812587],[98.9999159,18.7811966],[99.0010567,18.7812293]]]}},{"type":"Feature","id":225234790,"properties":{"id":225234790,"height":9,"base_height":0,"name_th":"วัดสันศรี","name_en":"Wat San Si","name":"วัดสันศรี","kind":"temple","kind_value":"buddhist","levels":null,"addr":null},"geometry":{"type":"Polygon","coordinates":[[[99.0440347,18.8198852],[99.0437802,18.8204794],[99.0432574,18.8200867],[99.0433927,18.8197406],[99.0434491,18.819667],[99.0440347,18.8198852]]]}},{"type":"Feature","id":233939180,"properties":{"id":233939180,"height":9,"base_height":0,"name_th":null,"name_en":"Wat Rong Wua","name":"วัดโรงวัว","kind":"temple","kind_value":"buddhist","levels":null,"addr":null},"geometry":{"type":"Polygon","coordinates":[[[98.8611092,18.6548579],[98.8618043,18.6551078],[98.8615522,18.6559515],[98.8614445,18.6560141],[98.8613426,18.6560345],[98.8611682,18.6559963],[98.8607529,18.6558041],[98.8611092,18.6548579]]]}},{"type":"Feature","id":235966871,"properties":{"id":235966871,"height":9,"base_height":0,"name_th":"วัดน้ำแพร่","name_en":"Wat Nam Phrae","name":"วัดน้ำแพร่","kind":"temple","kind_value":"buddhist","levels":null,"addr":null},"geometry":{"type":"Polygon","coordinates":[[[98.8840745,18.6888456],[98.8842615,18.6888071],[98.8842402,18.6887147],[98.8840533,18.6887532],[98.8840745,18.6888456]]]}},{"type":"Feature","id":237815814,"properties":{"id":237815814,"height":9,"base_height":0,"name_th":"วัดป่าดาราภิรมย์","name_en":"Wat Pa Dara Phirom","name":"วัดป่าดาราภิรมย์","kind":"temple","kind_value":"buddhist","levels":null,"addr":null},"geometry":{"type":"Polygon","coordinates":[[[98.9397825,18.9114933],[98.9401031,18.9105088],[98.9395935,18.9103718],[98.9398877,18.9096696],[98.9404153,18.9096366],[98.9408251,18.9096085],[98.9408906,18.9096118],[98.9410692,18.9096912],[98.9414227,18.9098744],[98.9413964,18.9104504],[98.941335,18.9109394],[98.9413254,18.9110087],[98.9412397,18.9116277],[98.9397825,18.9114933]]]}},{"type":"Feature","id":238829914,"properties":{"id":238829914,"height":9,"base_height":0,"name_th":"วัดหมื่นเงินกอง","name_en":"Wat Muen Ngun Gong","name":"วัดหมื่นเงินกอง","kind":"temple","kind_value":"buddhist","levels":null,"addr":null},"geometry":{"type":"Polygon","coordinates":[[[98.9804103,18.7853298],[98.9803754,18.7851049],[98.9805926,18.7850999],[98.9805926,18.7850161],[98.98094,18.7850027],[98.9814134,18.7849932],[98.9814222,18.7852806],[98.9814196,18.7857034],[98.9810444,18.7857065],[98.9810509,18.7853452],[98.98054,18.7853308],[98.9804103,18.7853298]]]}},{"type":"Feature","id":239039093,"properties":{"id":239039093,"height":9,"base_height":0,"name_th":"โบสถ์","name_en":"PRC Chapel","name":"โบสถ์","kind":"temple","kind_value":"christian","levels":null,"addr":null},"geometry":{"type":"Polygon","coordinates":[[[99.0053851,18.7962724],[99.0053853,18.7962725],[99.0054201,18.7962911],[99.0054633,18.7962184],[99.0054295,18.7962004],[99.0054535,18.7961602],[99.0053519,18.796106],[99.0053283,18.7961456],[99.0053014,18.7961313],[99.0052555,18.7962084],[99.0052838,18.7962235],[99.005215,18.796339],[99.005314,18.7963918],[99.0053851,18.7962724]]]}},{"type":"Feature","id":242929434,"properties":{"id":242929434,"height":9,"base_height":0,"name_th":"วัดผาบ่อง","name_en":"Wat Pha Bong","name":"วัดผาบ่อง","kind":"temple","kind_value":"buddhist","levels":null,"addr":null},"geometry":{"type":"Polygon","coordinates":[[[98.9817243,18.7895726],[98.9823692,18.7895538],[98.9824034,18.78959],[98.9823404,18.7899556],[98.9817503,18.7899582],[98.9817243,18.7895726]]]}},{"type":"Feature","id":242929545,"properties":{"id":242929545,"height":9,"base_height":0,"name_th":"Wat Si Koet","name_en":"Wat Si Koet","name":"วัดศรีเกิด","kind":"temple","kind_value":"buddhist","levels":null,"addr":null},"geometry":{"type":"Polygon","coordinates":[[[98.9833649,18.7877671],[98.984344,18.7876173],[98.9843974,18.788344],[98.9833798,18.7884011],[98.9833649,18.7877671]]]}},{"type":"Feature","id":242929634,"properties":{"id":242929634,"height":9,"base_height":0,"name_th":"วัดทุงยู","name_en":"Wat Tung Yu","name":"วัดทุงยู","kind":"temple","kind_value":"buddhist","levels":null,"addr":null},"geometry":{"type":"Polygon","coordinates":[[[98.9838365,18.7884899],[98.9844118,18.7884543],[98.9844065,18.7891374],[98.9838526,18.7891501],[98.9838365,18.7884899]]]}},{"type":"Feature","id":242930163,"properties":{"id":242930163,"height":9,"base_height":0,"name_th":"วัดชัยพระเกียรติ","name_en":"Wat Chai Phrakiat","name":"วัดชัยพระเกียรติ","kind":"temple","kind_value":"buddhist","levels":null,"addr":null},"geometry":{"type":"Polygon","coordinates":[[[98.985474,18.7883993],[98.9862826,18.7883629],[98.9863073,18.7889722],[98.9862983,18.7891229],[98.9856094,18.7891475],[98.9855374,18.7889729],[98.9855252,18.7886821],[98.985474,18.7883993]]]}},{"type":"Feature","id":243018378,"properties":{"id":243018378,"height":9,"base_height":0,"name_th":"Wat Phan Tao","name_en":"Wat Phan Tao","name":"วัดพันเตา","kind":"temple","kind_value":"buddhist","levels":null,"addr":null},"geometry":{"type":"Polygon","coordinates":[[[98.9869861,18.7874325],[98.9879439,18.7874558],[98.9879398,18.7876736],[98.9879005,18.7879089],[98.9869992,18.787952],[98.9869618,18.7879452],[98.9869861,18.7874325]]]}},{"type":"Feature","id":243018795,"properties":{"id":243018795,"height":9,"base_height":0,"name_th":"Wat Chedi Luang","name_en":"Wat Chedi Luang","name":"วัดเจดีย์หลวงวรวิหาร","kind":"temple","kind_value":"buddhist","levels":null,"addr":null},"geometry":{"type":"Polygon","coordinates":[[[98.9870066,18.7859601],[98.9881471,18.7860448],[98.9880421,18.7867953],[98.9879439,18.7874558],[98.9869861,18.7874325],[98.9869618,18.7879452],[98.9856069,18.7879851],[98.9855674,18.7868529],[98.9856676,18.7861059],[98.9858873,18.786093],[98.9858988,18.7859936],[98.9870066,18.7859601]]]}},{"type":"Feature","id":243404616,"properties":{"id":243404616,"height":9,"base_height":0,"name_th":"วัดท่าใหม่อิ","name_en":"Wat Tha Mai I","name":"วัดท่าใหม่อิ","kind":"temple","kind_value":"buddhist","levels":null,"addr":null},"geometry":{"type":"Polygon","coordinates":[[[98.9833104,18.7210172],[98.9832987,18.7209688],[98.9832269,18.7209844],[98.9832386,18.7210328],[98.9831573,18.7210504],[98.9831751,18.7211242],[98.983391,18.7210773],[98.9833731,18.7210036],[98.9833104,18.7210172]]]}},{"type":"Feature","id":243551350,"properties":{"id":243551350,"height":9,"base_height":0,"name_th":"วัดท่าหลุก","name_en":"Wat Tha Luk","name":"วัดท่าหลุก","kind":"temple","kind_value":"buddhist","levels":null,"addr":null},"geometry":{"type":"Polygon","coordinates":[[[98.9961968,18.831456],[98.9957498,18.8318085],[98.9963078,18.8321923],[98.9966325,18.8317364],[98.9961968,18.831456]]]}},{"type":"Feature","id":244378291,"properties":{"id":244378291,"height":9,"base_height":0,"name_th":"วัดร้องอ้อ","name_en":"Wat Rong O","name":"วัดร้องอ้อ","kind":"temple","kind_value":"buddhist","levels":null,"addr":null},"geometry":{"type":"Polygon","coordinates":[[[98.99224,18.8526298],[98.9928138,18.8526957],[98.9929204,18.8522761],[98.9923311,18.8521832],[98.99224,18.8526298]]]}},{"type":"Feature","id":244650874,"properties":{"id":244650874,"height":9,"base_height":0,"name_th":"วัดทรายมูล (พม่า)","name_en":"Wat Sai Moon Myanmar","name":"วัดทรายมูล (พม่า)","kind":"temple","kind_value":"buddhist","levels":null,"addr":null},"geometry":{"type":"Polygon","coordinates":[[[98.9910557,18.7826006],[98.9908182,18.7826044],[98.9907941,18.7824163],[98.9907552,18.7821836],[98.9906868,18.7817352],[98.9907862,18.7817295],[98.9909282,18.781728],[98.9911688,18.7817269],[98.9916438,18.7817186],[98.9917777,18.7824147],[98.9916282,18.782454],[98.9912928,18.7825433],[98.9910557,18.7826006]]]}},{"type":"Feature","id":244650927,"properties":{"id":244650927,"height":9,"base_height":0,"name_th":"วัดทรายมูลเมือง","name_en":"Wat Saimoonmuang","name":"วัดทรายมูลเมือง","kind":"temple","kind_value":"buddhist","levels":null,"addr":null},"geometry":{"type":"Polygon","coordinates":[[[98.9921595,18.7823581],[98.9927229,18.7823542],[98.9927505,18.7826283],[98.9927647,18.7827931],[98.9923737,18.7828358],[98.9921172,18.7828965],[98.9920981,18.7827301],[98.9921669,18.7827264],[98.9921595,18.7823581]]]}},{"type":"Feature","id":245463411,"properties":{"id":245463411,"height":9,"base_height":0,"name_th":"วัดสันทรายหลวง","name_en":"Wat San Sai Luang","name":"วัดสันทรายหลวง","kind":"temple","kind_value":"buddhist","levels":null,"addr":null},"geometry":{"type":"Polygon","coordinates":[[[99.045251,18.8524321],[99.0450418,18.8522214],[99.044795,18.852026],[99.0445965,18.8522163],[99.0443726,18.8525266],[99.0446113,18.8526843],[99.0446055,18.8528099],[99.0447221,18.8528873],[99.044797,18.8528626],[99.045251,18.8524321]]]}},{"type":"Feature","id":245746051,"properties":{"id":245746051,"height":9,"base_height":0,"name_th":"วัดศรีทรายมูล","name_en":"Wat Sri Sai Moon","name":"วัดศรีทรายมูล","kind":"temple","kind_value":"buddhist","levels":null,"addr":null},"geometry":{"type":"Polygon","coordinates":[[[99.1418059,18.8098455],[99.1415554,18.809913],[99.1415221,18.8098023],[99.1417726,18.8097348],[99.1418059,18.8098455]]]}},{"type":"Feature","id":245748585,"properties":{"id":245748585,"height":9,"base_height":0,"name_th":"วัดป่าไผ่ศรีโขง","name_en":"Wat Pa Phai Si Khong","name":"วัดป่าไผ่ศรีโขง","kind":"temple","kind_value":"buddhist","levels":null,"addr":null},"geometry":{"type":"Polygon","coordinates":[[[99.1170181,18.8584304],[99.1168257,18.8579736],[99.1169683,18.8578134],[99.1171813,18.8577347],[99.1173331,18.8579251],[99.1174173,18.8578667],[99.1177499,18.8585469],[99.1177515,18.8586459],[99.1176013,18.8588084],[99.1170181,18.8584304]]]}},{"type":"Feature","id":246253475,"properties":{"id":246253475,"height":9,"base_height":0,"name_th":"วัดพันอ้น","name_en":"Wat Phun Ohn","name":"วัดพันอ้น","kind":"temple","kind_value":"buddhist","levels":null,"addr":null},"geometry":{"type":"Polygon","coordinates":[[[98.9911178,18.7877288],[98.9912488,18.7877152],[98.9912183,18.7874509],[98.9910873,18.7874645],[98.9911178,18.7877288]]]}},{"type":"Feature","id":249164672,"properties":{"id":249164672,"height":9,"base_height":0,"name_th":null,"name_en":"Wat Nong Pa Sae","name":"วัดหนองป่าแสะ","kind":"temple","kind_value":"buddhist","levels":null,"addr":null},"geometry":{"type":"Polygon","coordinates":[[[99.051303,18.7185852],[99.0506307,18.718859],[99.0505483,18.7186755],[99.0504007,18.7186424],[99.0503109,18.7184324],[99.05134,18.7180086],[99.0514247,18.7180918],[99.0513529,18.718325],[99.051303,18.7185852]]]}},{"type":"Feature","id":249320061,"properties":{"id":249320061,"height":9,"base_height":0,"name_th":null,"name_en":"Wat San Sai","name":"วัดสันทราย","kind":"temple","kind_value":"buddhist","levels":null,"addr":null},"geometry":{"type":"Polygon","coordinates":[[[99.1025778,18.6583477],[99.1017854,18.6587611],[99.1021223,18.6593164],[99.1028959,18.6588997],[99.1025778,18.6583477]]]}},{"type":"Feature","id":249320063,"properties":{"id":249320063,"height":9,"base_height":0,"name_th":null,"name_en":null,"name":"Wat San Ton Muang","kind":"temple","kind_value":"buddhist","levels":null,"addr":null},"geometry":{"type":"Polygon","coordinates":[[[99.132172,18.6911659],[99.1314249,18.6915983],[99.1309011,18.6907024],[99.1314902,18.6903869],[99.1316794,18.6906887],[99.1318916,18.6909326],[99.132172,18.6911659]]]}},{"type":"Feature","id":249494571,"properties":{"id":249494571,"height":9,"base_height":0,"name_th":null,"name_en":null,"name":null,"kind":"temple","kind_value":"buddhist","levels":null,"addr":null},"geometry":{"type":"Polygon","coordinates":[[[98.9013663,18.9210555],[98.9011171,18.9209019],[98.9007872,18.9208055],[98.9004707,18.9211024],[98.9002239,18.9214626],[98.9007651,18.9216422],[98.9013663,18.9210555]]]}},{"type":"Feature","id":250269281,"properties":{"id":250269281,"height":9,"base_height":0,"name_th":null,"name_en":"Wat Piyaram","name":null,"kind":"temple","kind_value":"buddhist","levels":null,"addr":null},"geometry":{"type":"Polygon","coordinates":[[[98.9670122,18.855171],[98.967198,18.8551972],[98.9672109,18.8551155],[98.9670251,18.8550892],[98.9670122,18.855171]]]}},{"type":"Feature","id":250503384,"properties":{"id":250503384,"height":9,"base_height":0,"name_th":"วัดดอยแก้ว","name_en":"Wat Doi Kaeo","name":"วัดดอยแก้ว","kind":"temple","kind_value":"buddhist","levels":null,"addr":null},"geometry":{"type":"Polygon","coordinates":[[[98.9199711,18.7400768],[98.9205173,18.7401591],[98.9204809,18.7407823],[98.9198774,18.7407783],[98.9199711,18.7400768]]]}},{"type":"Feature","id":250527325,"properties":{"id":250527325,"height":9,"base_height":0,"name_th":null,"name_en":"Wat Kaotanluang","name":null,"kind":"temple","kind_value":"buddhist","levels":null,"addr":null},"geometry":{"type":"Polygon","coordinates":[[[99.0571154,18.8618863],[99.0577556,18.8615912],[99.0570802,18.8607235],[99.0566745,18.8608589],[99.0565455,18.8609854],[99.0565807,18.8613338],[99.0567285,18.8613316],[99.0569372,18.8617044],[99.0569184,18.8617931],[99.0571154,18.8618863]]]}},{"type":"Feature","id":250690123,"properties":{"id":250690123,"height":9,"base_height":0,"name_th":"เทพมณเฑียร","name_en":"Thep Montien","name":"เทพมณเฑียร","kind":"temple","kind_value":"buddhist","levels":null,"addr":null},"geometry":{"type":"Polygon","coordinates":[[[98.9904277,18.799349],[98.9905932,18.7993526],[98.9905976,18.7990124],[98.9904689,18.7990141],[98.9904588,18.7989405],[98.9903851,18.7989462],[98.990398,18.7990221],[98.9904277,18.799349]]]}},{"type":"Feature","id":251126515,"properties":{"id":251126515,"height":9,"base_height":0,"name_th":null,"name_en":"Wat Ton Pheung","name":"วัดต้นผึ้ง","kind":"temple","kind_value":"buddhist","levels":null,"addr":null},"geometry":{"type":"Polygon","coordinates":[[[98.9710612,18.6541919],[98.9707856,18.6540282],[98.9707367,18.6537167],[98.970683,18.6535134],[98.9705865,18.653399],[98.970962,18.6531601],[98.971247,18.6533383],[98.9714515,18.6534364],[98.9716251,18.6535416],[98.9717673,18.6536966],[98.9719872,18.6540854],[98.9714957,18.6542351],[98.9710612,18.6541919]]]}},{"type":"Feature","id":251149966,"properties":{"id":251149966,"height":9,"base_height":0,"name_th":"วัดรูบาเจ้าเทือง","name_en":"Wat Ru Ba Chao Thueang","name":"วัดรูบาเจ้าเทือง","kind":"temple","kind_value":"buddhist","levels":null,"addr":null},"geometry":{"type":"Polygon","coordinates":[[[98.9765193,18.6634445],[98.977391,18.6632946],[98.9773642,18.6639807],[98.9764871,18.664367],[98.9764308,18.6642933],[98.9760311,18.6638562],[98.9765193,18.6634445]]]}},{"type":"Feature","id":251150569,"properties":{"id":251150569,"height":9,"base_height":0,"name_th":null,"name_en":"Wat San Don Mun","name":"วัดสันดอนมูนล","kind":"temple","kind_value":"buddhist","levels":null,"addr":null},"geometry":{"type":"Polygon","coordinates":[[[98.9997767,18.6522873],[98.9999893,18.6521567],[99.000279,18.6520652],[99.0003507,18.6520497],[99.0000339,18.6513098],[99.0000047,18.6512415],[98.9991632,18.6515213],[98.9993643,18.6518111],[98.999646,18.6520347],[98.9997767,18.6522873]]]}},{"type":"Feature","id":251287038,"properties":{"id":251287038,"height":9,"base_height":0,"name_th":"วัดบ่อสร้าง","name_en":"Wat Bosang","name":"วัดบ่อสร้าง","kind":"temple","kind_value":"buddhist","levels":null,"addr":null},"geometry":{"type":"Polygon","coordinates":[[[99.0857308,18.7711965],[99.0862056,18.7711177],[99.0863724,18.7717211],[99.0858703,18.7718059],[99.0858132,18.7715563],[99.0857308,18.7711965]]]}},{"type":"Feature","id":251360257,"properties":{"id":251360257,"height":9,"base_height":0,"name_th":"วัดหม้อคำตวง","name_en":"Wat Mo Kham Tuang","name":"วัดหม้อคำตวง","kind":"temple","kind_value":"buddhist","levels":null,"addr":null},"geometry":{"type":"Polygon","coordinates":[[[98.985643,18.7947096],[98.98566,18.7949614],[98.9856832,18.7952625],[98.9856878,18.7952907],[98.9850731,18.795338],[98.9850275,18.7947565],[98.9850856,18.7947495],[98.985299,18.794724],[98.9853233,18.7947211],[98.9854668,18.7947039],[98.9856141,18.7946863],[98.985643,18.7947096]]]}},{"type":"Feature","id":251437025,"properties":{"id":251437025,"height":9,"base_height":0,"name_th":"วัดแสนเมืองมาหลวง","name_en":"Wat Saen Mueang Ma Luang","name":"วัดแสนเมืองมาหลวง","kind":"temple","kind_value":"buddhist","levels":null,"addr":null},"geometry":{"type":"Polygon","coordinates":[[[98.9857598,18.7937538],[98.9860621,18.7937415],[98.9865688,18.7937515],[98.9869525,18.7937837],[98.9868648,18.7942768],[98.9857999,18.7942412],[98.9857865,18.7939898],[98.9857598,18.7937538]]]}},{"type":"Feature","id":251576969,"properties":{"id":251576969,"height":9,"base_height":0,"name_th":"วัดหนองป่าครั่ง","name_en":"Wat Nong Pa Khrang","name":"วัดหนองป่าครั่ง","kind":"temple","kind_value":"buddhist","levels":null,"addr":null},"geometry":{"type":"Polygon","coordinates":[[[99.0222616,18.7894959],[99.023203,18.7894858],[99.0232445,18.7889733],[99.0226525,18.7889346],[99.0222854,18.7889136],[99.0222616,18.7894959]]]}},{"type":"Feature","id":251577906,"properties":{"id":251577906,"height":9,"base_height":0,"name_th":"วัดบัวบก","name_en":"Wat Buabok","name":"วัดบัวบก","kind":"temple","kind_value":"buddhist","levels":null,"addr":null},"geometry":{"type":"Polygon","coordinates":[[[99.115415,18.6568463],[99.1153154,18.6563004],[99.1165479,18.6561485],[99.1166375,18.6564398],[99.1160063,18.6567022],[99.115415,18.6568463]]]}},{"type":"Feature","id":251579204,"properties":{"id":251579204,"height":9,"base_height":0,"name_th":"วัดสันป่าข่อย","name_en":"Wat San Pa Khoi","name":"วัดสันป่าข่อย","kind":"temple","kind_value":"buddhist","levels":null,"addr":null},"geometry":{"type":"Polygon","coordinates":[[[99.0086872,18.7859987],[99.007963,18.7857879],[99.0077967,18.785854],[99.0075714,18.7860292],[99.007697,18.7860867],[99.0075821,18.7863491],[99.0079143,18.7864701],[99.0082496,18.7865615],[99.0086791,18.786631],[99.0086872,18.7859987]]]}},{"type":"Feature","id":253766023,"properties":{"id":253766023,"height":9,"base_height":0,"name_th":null,"name_en":null,"name":null,"kind":"temple","kind_value":"buddhist","levels":null,"addr":null},"geometry":{"type":"Polygon","coordinates":[[[99.089958,18.83876],[99.0900493,18.8387096],[99.0905057,18.838736],[99.0906335,18.8388158],[99.0906698,18.8389811],[99.0906599,18.8390418],[99.0906474,18.8391182],[99.0906017,18.8391941],[99.0899955,18.8393261],[99.0896311,18.8393343],[99.0895663,18.8392296],[99.0895496,18.8390806],[99.0896177,18.8389561],[99.0897729,18.8388818],[99.089958,18.83876]]]}},{"type":"Feature","id":253811339,"properties":{"id":253811339,"height":9,"base_height":0,"name_th":"วัดสันปูเลย","name_en":"Wat San Pu Loei","name":"วัดสันปูเลย","kind":"temple","kind_value":"buddhist","levels":null,"addr":null},"geometry":{"type":"Polygon","coordinates":[[[99.0792936,18.8310377],[99.0789235,18.8314998],[99.0794385,18.8318933],[99.0795753,18.8318933],[99.0796799,18.8318704],[99.0798784,18.8317435],[99.0800205,18.8318374],[99.0803773,18.8313145],[99.0800339,18.8311698],[99.0799535,18.8311748],[99.079873,18.8312104],[99.079822,18.8312332],[99.0792936,18.8310377]]]}},{"type":"Feature","id":255676907,"properties":{"id":255676907,"height":9,"base_height":0,"name_th":null,"name_en":null,"name":"วัดหเีประดิษฐ์","kind":"temple","kind_value":"buddhist","levels":null,"addr":null},"geometry":{"type":"Polygon","coordinates":[[[98.9657138,18.927989],[98.9652621,18.9282243],[98.9650207,18.9275545],[98.9656009,18.9273562],[98.9656818,18.9277073],[98.9657138,18.927989]]]}},{"type":"Feature","id":255776861,"properties":{"id":255776861,"height":9,"base_height":0,"name_th":"วัดลัฏฐิวัน","name_en":"Wat Lat Thi Wan","name":"วัดลัฏฐิวัน","kind":"temple","kind_value":"buddhist","levels":null,"addr":null},"geometry":{"type":"Polygon","coordinates":[[[98.9671181,18.912478],[98.9673916,18.9125288],[98.9681802,18.9124476],[98.9683894,18.9124628],[98.9683733,18.9125745],[98.9683733,18.9134727],[98.9681909,18.9138381],[98.9674828,18.9138026],[98.9669196,18.9138381],[98.9666782,18.9131225],[98.966646,18.913016],[98.9666514,18.9129399],[98.9667318,18.9128485],[98.9668903,18.9127285],[98.9669088,18.9126303],[98.9669732,18.9125745],[98.9671181,18.912478]]]}},{"type":"Feature","id":255776862,"properties":{"id":255776862,"height":9,"base_height":0,"name_th":"วัดสมเด๊จดอยน้อย","name_en":"Wat Som Det Doi Noi","name":"วัดสมเด๊จดอยน้อย","kind":"temple","kind_value":"buddhist","levels":null,"addr":null},"geometry":{"type":"Polygon","coordinates":[[[98.9657126,18.8959638],[98.9653532,18.8958014],[98.9651118,18.895573],[98.9648918,18.8953395],[98.9648757,18.8951314],[98.9650688,18.8942483],[98.965262,18.8939286],[98.9653883,18.8935954],[98.9662681,18.8938238],[98.9666299,18.893822],[98.9669172,18.893839],[98.967,18.8939895],[98.9671264,18.8940369],[98.9674643,18.8941283],[98.9675633,18.8943244],[98.9674775,18.8945985],[98.9670161,18.8952177],[98.9667401,18.8955595],[98.9661632,18.8957811],[98.9659862,18.8959181],[98.9657126,18.8959638]]]}},{"type":"Feature","id":255987533,"properties":{"id":255987533,"height":9,"base_height":0,"name_th":"ศาลเจ้าปุงเถ่ากง","name_en":"Pung Tao Kong Shrine","name":"ศาลเจ้าปุงเถ่ากง","kind":"temple","kind_value":"unknown","levels":null,"addr":null},"geometry":{"type":"Polygon","coordinates":[[[99.0020499,18.7898209],[99.0018179,18.7897155],[99.001776,18.789798],[99.0020081,18.7899034],[99.0020499,18.7898209]]]}},{"type":"Feature","id":256126140,"properties":{"id":256126140,"height":9,"base_height":0,"name_th":null,"name_en":null,"name":"วัดธาตุกลาง","kind":"temple","kind_value":"buddhist","levels":null,"addr":null},"geometry":{"type":"Polygon","coordinates":[[[98.9891845,18.7766653],[98.9891634,18.7767811],[98.9892808,18.7768002],[98.9893018,18.7766844],[98.9891845,18.7766653]]]}},{"type":"Feature","id":256126141,"properties":{"id":256126141,"height":9,"base_height":0,"name_th":"วัดธาตุคำ","name_en":"Wat Thatkam","name":"วัดธาตุคำ","kind":"temple","kind_value":"buddhist","levels":null,"addr":null},"geometry":{"type":"Polygon","coordinates":[[[98.9882949,18.7778224],[98.9888173,18.7779136],[98.9889352,18.7775057],[98.9889817,18.7772814],[98.9883285,18.7771528],[98.9882383,18.7773058],[98.9883107,18.7775819],[98.9882949,18.7778224]]]}},{"type":"Feature","id":257723360,"properties":{"id":257723360,"height":9,"base_height":0,"name_th":null,"name_en":"Wat Si Photharam","name":"วัดสรีโพธาราม","kind":"temple","kind_value":"buddhist","levels":null,"addr":null},"geometry":{"type":"Polygon","coordinates":[[[99.0400114,18.7054804],[99.0408051,18.705554],[99.0409378,18.7049976],[99.0407501,18.7048503],[99.0406291,18.7047889],[99.040208,18.7046773],[99.0401431,18.7049221],[99.0400114,18.7054804]]]}},{"type":"Feature","id":261336735,"properties":{"id":261336735,"height":9,"base_height":0,"name_th":"วัดบุพพาราม","name_en":"Wat Buppharam","name":"วัดบุพพาราม","kind":"temple","kind_value":"buddhist","levels":null,"addr":null},"geometry":{"type":"Polygon","coordinates":[[[98.9985446,18.7875601],[98.9986283,18.7882632],[98.9984005,18.7882531],[98.9976837,18.7882351],[98.9977167,18.7875507],[98.9985446,18.7875601]]]}},{"type":"Feature","id":261339003,"properties":{"id":261339003,"height":9,"base_height":0,"name_th":"วัดดวงดี","name_en":"Wat Duang Di","name":"วัดดวงดี","kind":"temple","kind_value":"buddhist","levels":null,"addr":null},"geometry":{"type":"Polygon","coordinates":[[[98.9888923,18.7892693],[98.9881654,18.7892617],[98.9881681,18.7893553],[98.9881118,18.7893604],[98.9881064,18.7897137],[98.9888172,18.7896524],[98.9888789,18.7895994],[98.9888923,18.7892693]]]}},{"type":"Feature","id":261636204,"properties":{"id":261636204,"height":9,"base_height":0,"name_th":null,"name_en":"Wat Pa Poe","name":"วัดป่าเปอะ","kind":"temple","kind_value":"buddhist","levels":null,"addr":null},"geometry":{"type":"Polygon","coordinates":[[[98.9911939,18.7495161],[98.9912569,18.7490335],[98.9915999,18.7490801],[98.9919647,18.749111],[98.9919865,18.7495364],[98.991557,18.7495424],[98.9911939,18.7495161]]]}},{"type":"Feature","id":261636339,"properties":{"id":261636339,"height":9,"base_height":0,"name_th":"วัดเจดีย์เหลี่ยม","name_en":"Chedi Liam Temple","name":"วัดเจดีย์เหลี่ยม","kind":"temple","kind_value":"buddhist","levels":null,"addr":null},"geometry":{"type":"Polygon","coordinates":[[[98.9954675,18.7542448],[98.9953347,18.7538962],[98.9951763,18.7534842],[98.9960071,18.7532381],[98.9962901,18.7540258],[98.995553,18.7542574],[98.9954675,18.7542448]]]}},{"type":"Feature","id":262147934,"properties":{"id":262147934,"height":9,"base_height":0,"name_th":"วัดเทพินทราราม(ป่าบง)","name_en":"Wat Thephin Thra Ram (Pa Bong)","name":"วัดเทพินทราราม(ป่าบง)","kind":"temple","kind_value":"buddhist","levels":null,"addr":null},"geometry":{"type":"Polygon","coordinates":[[[99.0947035,18.7821849],[99.0948354,18.7824286],[99.0948841,18.7826327],[99.0944701,18.7828198],[99.0942475,18.7824236],[99.0947035,18.7821849]]]}},{"type":"Feature","id":265150050,"properties":{"id":265150050,"height":9,"base_height":0,"name_th":"วัดล่ามช้าง","name_en":"Wat Lam Chang","name":"วัดล่ามช้าง","kind":"temple","kind_value":"buddhist","levels":null,"addr":null},"geometry":{"type":"Polygon","coordinates":[[[98.9900177,18.7932888],[98.9900327,18.793205],[98.990086,18.7928072],[98.9909605,18.7928064],[98.9910061,18.7928445],[98.9910201,18.7929521],[98.9910181,18.7932698],[98.9905635,18.7932819],[98.9901102,18.7933117],[98.9900177,18.7932888]]]}},{"type":"Feature","id":270306795,"properties":{"id":270306795,"height":9,"base_height":0,"name_th":"วัด บ้านน้อย","name_en":"Wat Ban Noi","name":"วัด บ้านน้อย","kind":"temple","kind_value":"buddhist","levels":null,"addr":null},"geometry":{"type":"Polygon","coordinates":[[[99.1034861,18.7405689],[99.1041443,18.741094],[99.1032919,18.7417512],[99.1027274,18.7414025],[99.103214,18.7408886],[99.1034861,18.7405689]]]}},{"type":"Feature","id":277181489,"properties":{"id":277181489,"height":9,"base_height":0,"name_th":"วัดกู่ม่านมงคลชัย","name_en":"Wat Ku Man Mongkhon Chai","name":"วัดกู่ม่านมงคลชัย","kind":"temple","kind_value":"buddhist","levels":null,"addr":null},"geometry":{"type":"Polygon","coordinates":[[[99.0688436,18.7885204],[99.0689884,18.7887946],[99.0688758,18.7892771],[99.0680952,18.7892644],[99.0680389,18.7886575],[99.0688436,18.7885204]]]}},{"type":"Feature","id":282465699,"properties":{"id":282465699,"height":9,"base_height":0,"name_th":null,"name_en":"Wat Ko Pracham Hong","name":"วัดกอประจำโฮง","kind":"temple","kind_value":"buddhist","levels":null,"addr":null},"geometry":{"type":"Polygon","coordinates":[[[99.0543637,18.676582],[99.0542497,18.6761999],[99.0545689,18.6760941],[99.0544251,18.6756603],[99.0548425,18.6755249],[99.0549659,18.6759112],[99.0550858,18.6763907],[99.0543637,18.676582]]]}},{"type":"Feature","id":283351524,"properties":{"id":283351524,"height":9,"base_height":0,"name_th":"คริสตจักรเด่นพระพร","name_en":"Denpraporn Church","name":"คริสตจักรเด่นพระพร","kind":"temple","kind_value":"christian","levels":null,"addr":null},"geometry":{"type":"Polygon","coordinates":[[[99.012572,18.7511128],[99.0127552,18.7511829],[99.0127307,18.7512402],[99.0125475,18.7511701],[99.012572,18.7511128]]]}},{"type":"Feature","id":290286091,"properties":{"id":290286091,"height":9,"base_height":0,"name_th":"วัดป่าสักหลวง","name_en":"Wat Pa Sak Luang","name":"วัดป่าสักหลวง","kind":"temple","kind_value":"buddhist","levels":null,"addr":null},"geometry":{"type":"Polygon","coordinates":[[[99.1065501,18.8094122],[99.1059278,18.8097601],[99.1059258,18.8100014],[99.1059225,18.8103848],[99.1060351,18.8104686],[99.1060834,18.8104837],[99.1061746,18.8104608],[99.1064267,18.8104],[99.1064857,18.8103847],[99.1064884,18.8105268],[99.1066896,18.8105065],[99.1068846,18.8104554],[99.1070649,18.8100725],[99.1067975,18.809967],[99.1066869,18.8097982],[99.1065662,18.809562],[99.1065501,18.8094122]]]}},{"type":"Feature","id":291640508,"properties":{"id":291640508,"height":9,"base_height":0,"name_th":"สำนักสงฆ์ดอยปุยภูพิง หลวงปู่ไพโรจ","name_en":"Samnaksong Doi Pui Phu Phing Luang Pu Phai Rot","name":"สำนักสงฆ์ดอยปุยภูพิง หลวงปู่ไพโรจ","kind":"temple","kind_value":"buddhist","levels":null,"addr":null},"geometry":{"type":"Polygon","coordinates":[[[98.8857182,18.8181102],[98.8857396,18.8188719],[98.8863528,18.8192166],[98.88707,18.8191461],[98.8866623,18.81875],[98.8865228,18.818425],[98.8865336,18.8179274],[98.8863206,18.817866],[98.8857182,18.8181102]]]}},{"type":"Feature","id":294470220,"properties":{"id":294470220,"height":9,"base_height":0,"name_th":"วัดเมืองมาง","name_en":"Wat Mueang Mang","name":"วัดเมืองมาง","kind":"temple","kind_value":"buddhist","levels":null,"addr":null},"geometry":{"type":"Polygon","coordinates":[[[98.9918309,18.7800052],[98.9918445,18.7804751],[98.9916156,18.7804621],[98.9909001,18.780364],[98.990892,18.7799321],[98.9918309,18.7800052]]]}},{"type":"Feature","id":297359944,"properties":{"id":297359944,"height":9,"base_height":0,"name_th":"วัดเจ็ดลิน","name_en":"Wat Chet Lin - Wat Jedlin","name":"วัดเจ็ดลิน","kind":"temple","kind_value":"buddhist","levels":null,"addr":null},"geometry":{"type":"Polygon","coordinates":[[[98.9885503,18.7836346],[98.9881874,18.7835367],[98.9879824,18.7835535],[98.9879753,18.7834847],[98.9873166,18.783514],[98.9873405,18.783648],[98.9872157,18.7836665],[98.9872403,18.784069],[98.9875106,18.7840411],[98.988472,18.7841387],[98.9885503,18.7836346]]]}},{"type":"Feature","id":297699422,"properties":{"id":297699422,"height":9,"base_height":0,"name_th":null,"name_en":"Wat Tamnak Suankhwan Sirimangkalajarn","name":"วัดตำหนักสวนขวัญศิริมังคลาจารย์","kind":"temple","kind_value":"buddhist","levels":null,"addr":null},"geometry":{"type":"Polygon","coordinates":[[[98.955858,18.7472908],[98.9558491,18.7484094],[98.9559059,18.7485207],[98.95709,18.7485502],[98.9571377,18.7484819],[98.9571849,18.7483608],[98.9572347,18.7481326],[98.9573078,18.7479984],[98.9573343,18.747969],[98.9573739,18.7479392],[98.9574424,18.747896],[98.9574878,18.7478598],[98.9575219,18.7478206],[98.9575419,18.747721],[98.9575281,18.7474715],[98.9570963,18.7474624],[98.9571042,18.7476421],[98.9565104,18.7476338],[98.9565195,18.7472995],[98.9561011,18.747294],[98.955858,18.7472908]]]}},{"type":"Feature","id":298150021,"properties":{"id":298150021,"height":9,"base_height":0,"name_th":null,"name_en":null,"name":"วัดศรีบุญเรือง","kind":"temple","kind_value":"buddhist","levels":null,"addr":null},"geometry":{"type":"Polygon","coordinates":[[[99.0420405,18.737136],[99.042153,18.7371552],[99.042928,18.7372871],[99.0429947,18.737247],[99.0431348,18.7368307],[99.0424737,18.7366672],[99.04228,18.7366622],[99.0420568,18.7366564],[99.0420405,18.737136]]]}},{"type":"Feature","id":301483293,"properties":{"id":301483293,"height":9,"base_height":0,"name_th":"วัดราชมณเทียร","name_en":"Wat Rachamontian","name":"วัดราชมณเทียร","kind":"temple","kind_value":"buddhist","levels":null,"addr":null},"geometry":{"type":"Polygon","coordinates":[[[98.9829838,18.7954162],[98.9828154,18.7948048],[98.9824364,18.7948155],[98.9824721,18.7954306],[98.9829838,18.7954162]]]}},{"type":"Feature","id":302732571,"properties":{"id":302732571,"height":9,"base_height":0,"name_th":"วัดผาลาด","name_en":"Wat Pha Lat","name":"วัดผาลาด","kind":"temple","kind_value":"buddhist","levels":null,"addr":"บ้านห้วยผาลาด 101, Sriwichai Alley"},"geometry":{"type":"Polygon","coordinates":[[[98.9342999,18.7995413],[98.9337383,18.7996305],[98.9335929,18.799446],[98.933529,18.799079],[98.9334104,18.7989139],[98.9340627,18.7986365],[98.9349313,18.7986134],[98.9349906,18.7987026],[98.9345999,18.7987686],[98.9344011,18.7993729],[98.9342999,18.7995413]]]}},{"type":"Feature","id":302861402,"properties":{"id":302861402,"height":9,"base_height":0,"name_th":null,"name_en":"Wat Pa Daeng","name":"วัดป่าแดง","kind":"temple","kind_value":"buddhist","levels":null,"addr":null},"geometry":{"type":"Polygon","coordinates":[[[99.1353191,18.7568682],[99.1349431,18.7562307],[99.1356626,18.7557804],[99.1360757,18.7564052],[99.1353191,18.7568682]]]}},{"type":"Feature","id":307423269,"properties":{"id":307423269,"height":9,"base_height":0,"name_th":"วัดหมื่นสาร","name_en":"Wat Muen San","name":"วัดหมื่นสาร","kind":"temple","kind_value":"buddhist","levels":null,"addr":null},"geometry":{"type":"Polygon","coordinates":[[[98.9841961,18.7764378],[98.9852345,18.7767197],[98.984969,18.7775864],[98.9839584,18.7772332],[98.9841961,18.7764378]]]}},{"type":"Feature","id":308548477,"properties":{"id":308548477,"height":9,"base_height":0,"name_th":"วัดเชตวัน","name_en":"Wat Cheatawan","name":"วัดเชตวัน","kind":"temple","kind_value":"buddhist","levels":null,"addr":null},"geometry":{"type":"Polygon","coordinates":[[[98.9959797,18.7882836],[98.9960501,18.7887979],[98.9953725,18.7888831],[98.9953393,18.7885155],[98.9953625,18.788214],[98.9959797,18.7882836]]]}},{"type":"Feature","id":308548856,"properties":{"id":308548856,"height":9,"base_height":0,"name_th":"วัดแสนฝาง","name_en":"Wat Saen Fang","name":"วัดแสนฝาง","kind":"temple","kind_value":"buddhist","levels":null,"addr":null},"geometry":{"type":"Polygon","coordinates":[[[98.9986917,18.7890321],[98.9989267,18.7890633],[98.9989102,18.7891746],[98.9986752,18.7891434],[98.9986917,18.7890321]]]}},{"type":"Feature","id":309170660,"properties":{"id":309170660,"height":9,"base_height":0,"name_th":"วัดล้านตอง","name_en":"Wat Lan Tong","name":"วัดล้านตอง","kind":"temple","kind_value":"buddhist","levels":null,"addr":null},"geometry":{"type":"Polygon","coordinates":[[[99.1696346,18.7883171],[99.1696882,18.7889316],[99.1693449,18.7893024],[99.169133,18.7890053],[99.1691035,18.7889367],[99.1690195,18.7883913],[99.1696346,18.7883171]]]}},{"type":"Feature","id":309177336,"properties":{"id":309177336,"height":9,"base_height":0,"name_th":"วัดดวงดี","name_en":"Wat Duang Dee","name":"วัดดวงดี","kind":"temple","kind_value":"buddhist","levels":null,"addr":null},"geometry":{"type":"Polygon","coordinates":[[[98.9525476,18.9192655],[98.9525408,18.9193739],[98.9527917,18.9193879],[98.9527985,18.9192795],[98.9525476,18.9192655]]]}},{"type":"Feature","id":309886989,"properties":{"id":309886989,"height":9,"base_height":0,"name_th":"วัดศรีสุพรรณ","name_en":"Wat Sri Suphan","name":"วัดศรีสุพรรณ","kind":"temple","kind_value":"buddhist","levels":null,"addr":null},"geometry":{"type":"Polygon","coordinates":[[[98.9826143,18.7788392],[98.982798,18.7784197],[98.9829912,18.7779786],[98.9840836,18.778656],[98.9835867,18.7793171],[98.9826143,18.7788392]]]}},{"type":"Feature","id":311213404,"properties":{"id":311213404,"height":9,"base_height":0,"name_th":null,"name_en":"Sala Tham","name":"ศาลาธรรม","kind":"temple","kind_value":"buddhist","levels":null,"addr":null},"geometry":{"type":"Polygon","coordinates":[[[98.9527153,18.8050001],[98.9526399,18.8048737],[98.9528093,18.8047883],[98.9528821,18.8049198],[98.9527908,18.8049597],[98.9527153,18.8050001]]]}},{"type":"Feature","id":313029742,"properties":{"id":313029742,"height":9,"base_height":0,"name_th":null,"name_en":null,"name":null,"kind":"temple","kind_value":"buddhist","levels":null,"addr":null},"geometry":{"type":"Polygon","coordinates":[[[99.1304646,18.7941015],[99.1307999,18.7944697],[99.1306945,18.7945506],[99.1301763,18.7950184],[99.1298652,18.7945483],[99.1304646,18.7941015]]]}},{"type":"Feature","id":313040943,"properties":{"id":313040943,"height":9,"base_height":0,"name_th":null,"name_en":"Wat Phra That Doi Kham","name":"วัดพระธาตุดอยคำ","kind":"temple","kind_value":"buddhist","levels":null,"addr":null},"geometry":{"type":"Polygon","coordinates":[[[98.9190434,18.7593309],[98.9191242,18.7594533],[98.9187375,18.7596824],[98.9186511,18.7595516],[98.9185639,18.7594196],[98.9189523,18.7591896],[98.9190293,18.7593061],[98.9189959,18.7593259],[98.9189807,18.7593028],[98.9189233,18.7593368],[98.9188831,18.7592759],[98.9186182,18.7594327],[98.9186842,18.7595326],[98.9187486,18.7596301],[98.9190659,18.7594422],[98.9190067,18.7593526],[98.9190434,18.7593309]]]}},{"type":"Feature","id":313694898,"properties":{"id":313694898,"height":9,"base_height":0,"name_th":null,"name_en":null,"name":null,"kind":"temple","kind_value":"buddhist","levels":null,"addr":null},"geometry":{"type":"Polygon","coordinates":[[[98.9180174,18.7598804],[98.9180611,18.7600085],[98.9178007,18.760088],[98.9177571,18.7599599],[98.9180174,18.7598804]]]}},{"type":"Feature","id":313695337,"properties":{"id":313695337,"height":9,"base_height":0,"name_th":"วัดพระธาตุดอยคํา","name_en":"Wat Phratat Doikham","name":"วัดพระธาตุดอยคํา","kind":"temple","kind_value":"buddhist","levels":null,"addr":null},"geometry":{"type":"Polygon","coordinates":[[[98.9174343,18.7590444],[98.917584,18.7594715],[98.9176739,18.7595654],[98.9179228,18.7596239],[98.9181155,18.7597213],[98.9182465,18.7597727],[98.9184692,18.7597373],[98.918541,18.7595823],[98.9185058,18.759376],[98.918929,18.7591504],[98.918952,18.7591904],[98.9190625,18.7591177],[98.919174,18.7592751],[98.9192594,18.7593957],[98.9192055,18.7595032],[98.9188379,18.759732],[98.9186507,18.7597408],[98.91808,18.7601697],[98.9177394,18.7600917],[98.917279,18.7599588],[98.916974,18.7598472],[98.9169216,18.7597139],[98.9173127,18.75953],[98.9172357,18.7590806],[98.9173831,18.7590537],[98.9174343,18.7590444]]]}},{"type":"Feature","id":314697470,"properties":{"id":314697470,"height":9,"base_height":0,"name_th":"วัดเจ็ดยอด","name_en":"Wat Jed Yod","name":"วัดเจ็ดยอด","kind":"temple","kind_value":"buddhist","levels":null,"addr":null},"geometry":{"type":"Polygon","coordinates":[[[98.9722865,18.8090132],[98.9722863,18.8091108],[98.97205,18.8091103],[98.9720502,18.8090127],[98.9722865,18.8090132]]]}},{"type":"Feature","id":314808535,"properties":{"id":314808535,"height":9,"base_height":0,"name_th":null,"name_en":"Wat Tonyang Huang","name":"วัดต้นยางหวง","kind":"temple","kind_value":"buddhist","levels":null,"addr":null},"geometry":{"type":"Polygon","coordinates":[[[99.0481727,18.7463815],[99.0481265,18.7470537],[99.0474861,18.7471207],[99.0474512,18.7470927],[99.0474452,18.7467667],[99.0475176,18.7464619],[99.0481727,18.7463815]]]}},{"type":"Feature","id":314808635,"properties":{"id":314808635,"height":9,"base_height":0,"name_th":"วัดร้องดอนไชย","name_en":"Wat Rong Don Chai","name":"วัดร้องดอนไชย","kind":"temple","kind_value":"buddhist","levels":null,"addr":null},"geometry":{"type":"Polygon","coordinates":[[[99.0503713,18.7500102],[99.0500924,18.749939],[99.050028,18.7499517],[99.0496238,18.7501914],[99.0496392,18.7504292],[99.0499644,18.7504657],[99.0501227,18.750232],[99.0502407,18.7501355],[99.0503641,18.7500491],[99.0503713,18.7500102]]]}},{"type":"Feature","id":320601922,"properties":{"id":320601922,"height":9,"base_height":0,"name_th":"วัดฟ่อนสร้อย","name_en":"Wat Fon Soi","name":"วัดฟ่อนสร้อย","kind":"temple","kind_value":"buddhist","levels":null,"addr":null},"geometry":{"type":"Polygon","coordinates":[[[98.9882607,18.7824702],[98.9887065,18.7824998],[98.9886975,18.7827831],[98.9886877,18.7829581],[98.9882593,18.7829768],[98.9882546,18.7827618],[98.9882607,18.7824702]]]}},{"type":"Feature","id":321417272,"properties":{"id":321417272,"height":9,"base_height":0,"name_th":"วัดอมราราม(สันอุ้ม)","name_en":"Wat Amararam (Sanum)","name":"วัดอมราราม(สันอุ้ม)","kind":"temple","kind_value":"buddhist","levels":null,"addr":null},"geometry":{"type":"Polygon","coordinates":[[[99.1098692,18.8694774],[99.1104028,18.8700383],[99.1095412,18.8703894],[99.109337,18.8700693],[99.1092617,18.8697152],[99.1097256,18.8695491],[99.1098692,18.8694774]]]}},{"type":"Feature","id":321842438,"properties":{"id":321842438,"height":9,"base_height":0,"name_th":"วัดสารกี","name_en":"Wat San Ki","name":"วัดสารกี","kind":"temple","kind_value":"buddhist","levels":null,"addr":null},"geometry":{"type":"Polygon","coordinates":[[[99.0994263,18.7913425],[99.099594,18.7917984],[99.0997162,18.7921227],[99.0993408,18.7922193],[99.0991581,18.7921576],[99.0990133,18.7914822],[99.0994263,18.7913425]]]}},{"type":"Feature","id":322604682,"properties":{"id":322604682,"height":9,"base_height":0,"name_th":"วัดสวนดอก","name_en":"Wat Suan Dok Monk Chat","name":"วัดสวนดอก","kind":"temple","kind_value":"buddhist","levels":null,"addr":null},"geometry":{"type":"Polygon","coordinates":[[[98.9681058,18.7879897],[98.9681394,18.7882407],[98.967783,18.7882818],[98.9677376,18.7882889],[98.9675887,18.7883001],[98.9674603,18.7883221],[98.9674267,18.788071],[98.9681058,18.7879897]]]}},{"type":"Feature","id":322890272,"properties":{"id":322890272,"height":9,"base_height":0,"name_th":"วัดร้องขี้เล้ก","name_en":"Wat Rong Khi Lek","name":"วัดร้องขี้เล้ก","kind":"temple","kind_value":"buddhist","levels":null,"addr":null},"geometry":{"type":"Polygon","coordinates":[[[99.1006389,18.8621059],[99.1008564,18.8624805],[99.1008773,18.8625203],[99.1009067,18.8625369],[99.1009416,18.862826],[99.1014566,18.8627854],[99.1017865,18.8627044],[99.1017865,18.8619352],[99.1013333,18.862038],[99.1013394,18.861933],[99.1006389,18.8621059]]]}},{"type":"Feature","id":324786979,"properties":{"id":324786979,"height":9,"base_height":0,"name_th":"วัดต้นผึ้ง","name_en":"Wat Ton Phueng","name":"วัดต้นผึ้ง","kind":"temple","kind_value":"buddhist","levels":null,"addr":null},"geometry":{"type":"Polygon","coordinates":[[[99.0883384,18.7663138],[99.0884672,18.7667862],[99.0880407,18.7668827],[99.0879588,18.7668333],[99.0878374,18.7664199],[99.0883384,18.7663138]]]}},{"type":"Feature","id":326847544,"properties":{"id":326847544,"height":9,"base_height":0,"name_th":"วัดหนองไคร้หลวง","name_en":"Wat Nong Krai Luang","name":"วัดหนองไคร้หลวง","kind":"temple","kind_value":"buddhist","levels":null,"addr":null},"geometry":{"type":"Polygon","coordinates":[[[99.0217026,18.8430729],[99.0221907,18.8432506],[99.0217857,18.8440655],[99.0211554,18.8438322],[99.0217026,18.8430729]]]}},{"type":"Feature","id":332547118,"properties":{"id":332547118,"height":9,"base_height":0,"name_th":"วัดศรีมุงเมือง","name_en":"Wat Si Mung Mueng","name":"วัดศรีมุงเมือง","kind":"temple","kind_value":"buddhist","levels":null,"addr":null},"geometry":{"type":"Polygon","coordinates":[[[99.12392,18.878915],[99.1236733,18.8793414],[99.1237167,18.8801337],[99.1249822,18.8802753],[99.1250578,18.8790779],[99.12392,18.878915]]]}},{"type":"Feature","id":332698373,"properties":{"id":332698373,"height":9,"base_height":0,"name_th":"วัดศรีล้อม","name_en":"Wat Si Lom","name":"วัดศรีล้อม","kind":"temple","kind_value":"buddhist","levels":null,"addr":null},"geometry":{"type":"Polygon","coordinates":[[[98.9042437,18.6561268],[98.9053155,18.6559599],[98.9053469,18.6558033],[98.9053485,18.6557412],[98.9053522,18.6556051],[98.9053034,18.6553815],[98.9052345,18.6554064],[98.905058,18.6548918],[98.9038507,18.6550658],[98.9042437,18.6561268]]]}},{"type":"Feature","id":333979908,"properties":{"id":333979908,"height":9,"base_height":0,"name_th":"ไท่หลินฝอเอวี้ยน","name_en":"Thai Lin Foawian","name":null,"kind":"temple","kind_value":"buddhist","levels":null,"addr":null},"geometry":{"type":"Polygon","coordinates":[[[99.0219738,18.7496821],[99.0223161,18.7497895],[99.0224516,18.7494025],[99.0223717,18.7493774],[99.0223378,18.7494743],[99.0221561,18.7494173],[99.0221935,18.7493107],[99.0221127,18.7492853],[99.0219738,18.7496821]]]}},{"type":"Feature","id":335539777,"properties":{"id":335539777,"height":9,"base_height":0,"name_th":"วัดนาคาสถิตย์","name_en":"Wat Nakha Sathit","name":"วัดนาคาสถิตย์","kind":"temple","kind_value":"buddhist","levels":null,"addr":null},"geometry":{"type":"Polygon","coordinates":[[[99.093666,18.7922882],[99.0931704,18.7923463],[99.0929836,18.7918244],[99.0929821,18.791534],[99.0934676,18.7914375],[99.0935507,18.7916153],[99.0936017,18.7917981],[99.0936124,18.7918692],[99.0936553,18.7920216],[99.093666,18.7922882]]]}},{"type":"Feature","id":339264651,"properties":{"id":339264651,"height":9,"base_height":0,"name_th":"วัดศรีบุญเรือง","name_en":"Wat Si Bun Rueang","name":"วัดศรีบุญเรือง","kind":"temple","kind_value":"buddhist","levels":null,"addr":null},"geometry":{"type":"Polygon","coordinates":[[[99.0420676,18.9072979],[99.0421581,18.9081541],[99.0412684,18.9082383],[99.0412218,18.9077979],[99.0411779,18.9073821],[99.0420676,18.9072979]]]}},{"type":"Feature","id":339268241,"properties":{"id":339268241,"height":9,"base_height":0,"name_th":null,"name_en":"Thudongkhasathan Lanna Meditation Center","name":"ธุดงคสถานล้านนา","kind":"temple","kind_value":"buddhist","levels":null,"addr":null},"geometry":{"type":"Polygon","coordinates":[[[99.0142401,18.9102835],[99.0130214,18.9101182],[99.0124582,18.9099405],[99.0120617,18.9119317],[99.014653,18.9123179],[99.0141426,18.9106307],[99.0142401,18.9102835]]]}},{"type":"Feature","id":340406121,"properties":{"id":340406121,"height":9,"base_height":0,"name_th":"วัดท้าวบุญเรือง","name_en":"Wat Thao Bun Rueang","name":"วัดท้าวบุญเรือง","kind":"temple","kind_value":"buddhist","levels":null,"addr":null},"geometry":{"type":"Polygon","coordinates":[[[98.9344461,18.7037693],[98.9346131,18.7035765],[98.9353531,18.7034466],[98.9356085,18.7035084],[98.9356998,18.7035084],[98.9361279,18.703218],[98.9363852,18.7034776],[98.9364511,18.703544],[98.9360509,18.7038663],[98.9357877,18.7040901],[98.9356936,18.7042241],[98.9354171,18.704501],[98.9352418,18.7046597],[98.9349162,18.70458],[98.934658,18.704247],[98.9344254,18.7038788],[98.9344461,18.7037693]]]}},{"type":"Feature","id":341733627,"properties":{"id":341733627,"height":9,"base_height":0,"name_th":null,"name_en":null,"name":null,"kind":"temple","kind_value":"buddhist","levels":null,"addr":null},"geometry":{"type":"Polygon","coordinates":[[[98.9990781,18.8252242],[98.9991636,18.8244301],[98.9984022,18.8244423],[98.99837,18.8248459],[98.9984343,18.8249272],[98.998461,18.8250161],[98.99852,18.8251482],[98.9990781,18.8252242]]]}},{"type":"Feature","id":341943107,"properties":{"id":341943107,"height":9,"base_height":0,"name_th":null,"name_en":null,"name":null,"kind":"temple","kind_value":"buddhist","levels":null,"addr":null},"geometry":{"type":"Polygon","coordinates":[[[99.0037866,18.8175088],[99.0044008,18.8176691],[99.0042292,18.8181667],[99.0041407,18.8182552],[99.0038161,18.8181642],[99.0036498,18.8180724],[99.0037866,18.8175088]]]}},{"type":"Feature","id":342683507,"properties":{"id":342683507,"height":9,"base_height":0,"name_th":"วัดรังษีสุทธาวาส","name_en":"Wat Rang Si Sutthawat","name":"วัดรังษีสุทธาวาส","kind":"temple","kind_value":"buddhist","levels":null,"addr":null},"geometry":{"type":"Polygon","coordinates":[[[99.1259896,18.867197],[99.1263652,18.8671462],[99.1271806,18.8670447],[99.1273106,18.8667986],[99.1274394,18.8661996],[99.1269909,18.8660972],[99.1266548,18.8663747],[99.1260111,18.8666792],[99.1259896,18.867197]]]}},{"type":"Feature","id":352224619,"properties":{"id":352224619,"height":9,"base_height":0,"name_th":"วัดท่าสะต๋อย","name_en":"Wat Tha Sa Toi","name":"วัดท่าสะต๋อย","kind":"temple","kind_value":"buddhist","levels":null,"addr":null},"geometry":{"type":"Polygon","coordinates":[[[99.0077172,18.7830509],[99.0071206,18.7830467],[99.0070435,18.7830312],[99.0070106,18.7830061],[99.0070274,18.7826503],[99.0074056,18.7822847],[99.0077483,18.7822824],[99.0077172,18.7830509]]]}},{"type":"Feature","id":352321202,"properties":{"id":352321202,"height":9,"base_height":0,"name_th":"วัดมหาวัน","name_en":"Wat Mahawan","name":"วัดมหาวัน","kind":"temple","kind_value":"buddhist","levels":null,"addr":null},"geometry":{"type":"Polygon","coordinates":[[[98.995131,18.7875705],[98.9954904,18.7875954],[98.9954934,18.7874909],[98.9954959,18.7874055],[98.9957909,18.7873573],[98.9958224,18.7874898],[98.9958711,18.7877161],[98.9958901,18.787796],[98.9959437,18.7880779],[98.995799,18.7880584],[98.9951016,18.7879641],[98.995131,18.7875705]]]}},{"type":"Feature","id":353463883,"properties":{"id":353463883,"height":9,"base_height":0,"name_th":"วัดทุ่งต้อม","name_en":"Wat Thung Tom","name":"วัดทุ่งต้อม","kind":"temple","kind_value":"buddhist","levels":null,"addr":null},"geometry":{"type":"Polygon","coordinates":[[[99.1583283,18.7791232],[99.1584195,18.7796565],[99.1577543,18.7797911],[99.157596,18.7795143],[99.1577945,18.779428],[99.1578616,18.7793442],[99.1578804,18.7792477],[99.1579957,18.7791816],[99.1583283,18.7791232]]]}},{"type":"Feature","id":355202854,"properties":{"id":355202854,"height":9,"base_height":0,"name_th":"วัดวุทฒิราษฏร์","name_en":"Wat Wut Thi Ra Sot","name":"วัดวุทฒิราษฏร์","kind":"temple","kind_value":"buddhist","levels":null,"addr":null},"geometry":{"type":"Polygon","coordinates":[[[98.9079031,18.7285495],[98.9078143,18.729116],[98.9077177,18.7292557],[98.9071199,18.7291389],[98.906975,18.7289382],[98.9069747,18.7288239],[98.9070394,18.728613],[98.9071947,18.7282879],[98.9077714,18.7280034],[98.9079031,18.7285495]]]}},{"type":"Feature","id":355642593,"properties":{"id":355642593,"height":9,"base_height":0,"name_th":"วัดชัยสถาน","name_en":"Wat Chai Sathan","name":"วัดชัยสถาน","kind":"temple","kind_value":"buddhist","levels":null,"addr":null},"geometry":{"type":"Polygon","coordinates":[[[99.0797421,18.8067514],[99.078684,18.8069352],[99.078745,18.8079],[99.079416,18.8077201],[99.0794666,18.8075905],[99.079904,18.8074183],[99.0797421,18.8067514]]]}},{"type":"Feature","id":355863016,"properties":{"id":355863016,"height":9,"base_height":0,"name_th":null,"name_en":"Wat San Pa Liang","name":"วัดสันป่าเลียง","kind":"temple","kind_value":"buddhist","levels":null,"addr":null},"geometry":{"type":"Polygon","coordinates":[[[99.0180539,18.7546245],[99.0180848,18.7546346],[99.0184261,18.75471],[99.0185241,18.7547316],[99.0185518,18.7546281],[99.0189016,18.7543832],[99.0189311,18.754344],[99.0189719,18.7542195],[99.019281,18.7538589],[99.0186681,18.7537096],[99.0186427,18.7537058],[99.0186017,18.7539624],[99.0182325,18.7539548],[99.0182218,18.7541786],[99.0179902,18.7541735],[99.0179887,18.7542256],[99.0181373,18.7542459],[99.0180864,18.754479],[99.0180539,18.7546245]]]}},{"type":"Feature","id":356063726,"properties":{"id":356063726,"height":9,"base_height":0,"name_th":"วัดช้างค้ำ","name_en":"Wat Chang Kham","name":"วัดช้างค้ำ","kind":"temple","kind_value":"buddhist","levels":null,"addr":null},"geometry":{"type":"Polygon","coordinates":[[[99.0018946,18.7478691],[99.0021276,18.7477711],[99.0021849,18.7478933],[99.0019519,18.7479913],[99.0018946,18.7478691]]]}},{"type":"Feature","id":356585930,"properties":{"id":356585930,"height":9,"base_height":0,"name_th":"วัดหมื่นล้าน","name_en":"Wat Muen Larn","name":"วัดหมื่นล้าน","kind":"temple","kind_value":"buddhist","levels":null,"addr":null},"geometry":{"type":"Polygon","coordinates":[[[98.9923786,18.7878593],[98.9917671,18.7879064],[98.9917798,18.788372],[98.9924047,18.7882868],[98.9923786,18.7878593]]]}},{"type":"Feature","id":356588870,"properties":{"id":356588870,"height":9,"base_height":0,"name_th":"วัดดอกคำ","name_en":"Wat Dokkham","name":"วัดดอกคำ","kind":"temple","kind_value":"buddhist","levels":null,"addr":null},"geometry":{"type":"Polygon","coordinates":[[[98.9931867,18.7890738],[98.9932055,18.7893937],[98.992779,18.7894216],[98.9927742,18.7891126],[98.9931867,18.7890738]]]}},{"type":"Feature","id":356757957,"properties":{"id":356757957,"height":9,"base_height":0,"name_th":"วัดพวกช้าง","name_en":"Wat Puak Chang","name":"วัดพวกช้าง","kind":"temple","kind_value":"buddhist","levels":null,"addr":null},"geometry":{"type":"Polygon","coordinates":[[[98.9935755,18.7803257],[98.9937671,18.7803307],[98.9937352,18.7810006],[98.9935022,18.7809911],[98.993058,18.7809704],[98.9930264,18.7806085],[98.9930448,18.7805436],[98.9931089,18.780497],[98.9932778,18.7804518],[98.9934048,18.7804018],[98.9935755,18.7803257]]]}},{"type":"Feature","id":360706201,"properties":{"id":360706201,"height":9,"base_height":0,"name_th":"วัดพันตอง","name_en":"Wat Phan Tong","name":"วัดพันตอง","kind":"temple","kind_value":"buddhist","levels":null,"addr":null},"geometry":{"type":"Polygon","coordinates":[[[98.9962878,18.7843403],[98.9963082,18.7843983],[98.9963815,18.784577],[98.9964691,18.7847906],[98.9962947,18.7848569],[98.9960164,18.7849683],[98.9959501,18.7850011],[98.9957694,18.7850736],[98.9957288,18.7850951],[98.9956756,18.7848661],[98.9956213,18.7846418],[98.9956095,18.784588],[98.995603,18.7845571],[98.9957555,18.784509],[98.9957822,18.7845006],[98.9958049,18.7844934],[98.9960815,18.7844052],[98.9962878,18.7843403]]]}},{"type":"Feature","id":360706203,"properties":{"id":360706203,"height":9,"base_height":0,"name_th":"วัดลอยเคราะห์","name_en":"Wat Loi Kroh","name":"วัดลอยเคราะห์","kind":"temple","kind_value":"buddhist","levels":null,"addr":null},"geometry":{"type":"Polygon","coordinates":[[[98.9964459,18.7844087],[98.9965879,18.7844024],[98.996584,18.7843232],[98.9968825,18.784303],[98.9969213,18.7843004],[98.9970533,18.7842915],[98.9970965,18.7844339],[98.9972045,18.7847906],[98.9972109,18.784814],[98.9972666,18.7850161],[98.9969963,18.7850819],[98.9967303,18.7851465],[98.9967227,18.7851209],[98.9966405,18.784843],[98.9966319,18.7848079],[98.9964562,18.7844861],[98.9964459,18.7844087]]]}},{"type":"Feature","id":360854715,"properties":{"id":360854715,"height":9,"base_height":0,"name_th":null,"name_en":"Wat Chang Kong","name":"วัดช่างฆ้อง","kind":"temple","kind_value":"buddhist","levels":null,"addr":null},"geometry":{"type":"Polygon","coordinates":[[[98.9977237,18.7847934],[98.9984423,18.7846558],[98.998512,18.7851106],[98.998069,18.7852072],[98.9978363,18.7852582],[98.9977237,18.7847934]]]}},{"type":"Feature","id":360858585,"properties":{"id":360858585,"height":9,"base_height":0,"name_th":"วัดผ้าขาว","name_en":"Wat Pha Khao","name":"วัดผ้าขาว","kind":"temple","kind_value":"buddhist","levels":null,"addr":null},"geometry":{"type":"Polygon","coordinates":[[[98.9910838,18.7853545],[98.991588,18.7853012],[98.9917141,18.7859589],[98.9912984,18.7859969],[98.991175,18.7860579],[98.9911213,18.7860604],[98.9910838,18.7853545]]]}},{"type":"Feature","id":361100236,"properties":{"id":361100236,"height":9,"base_height":0,"name_th":"วัดหมื่นตุม","name_en":"Wat Muentoom","name":"วัดหมื่นตุม","kind":"temple","kind_value":"buddhist","levels":null,"addr":null},"geometry":{"type":"Polygon","coordinates":[[[98.9896146,18.7839146],[98.989561,18.7843996],[98.988584,18.7843403],[98.9886201,18.784128],[98.988632,18.7840739],[98.9887492,18.7840441],[98.9888122,18.783888],[98.9888492,18.7838783],[98.9889424,18.7838792],[98.9896146,18.7839146]]]}},{"type":"Feature","id":365701447,"properties":{"id":365701447,"height":9,"base_height":0,"name_th":"วัดบวกเป็ด","name_en":"Wat Buak Pet","name":"วัดบวกเป็ด","kind":"temple","kind_value":"buddhist","levels":null,"addr":null},"geometry":{"type":"Polygon","coordinates":[[[99.0896394,18.7756773],[99.0899264,18.7762055],[99.0894355,18.7763934],[99.0891888,18.7761674],[99.088942,18.7759338],[99.0890922,18.7758424],[99.0891432,18.7759109],[99.0896394,18.7756773]]]}},{"type":"Feature","id":366853177,"properties":{"id":366853177,"height":9,"base_height":0,"name_th":"วัดท่าข้าม","name_en":"Wat Tha Kham","name":"วัดท่าข้าม","kind":"temple","kind_value":"buddhist","levels":null,"addr":null},"geometry":{"type":"Polygon","coordinates":[[[98.9467737,18.7430737],[98.9468862,18.7433842],[98.9474468,18.7432013],[98.9474951,18.743087],[98.9472483,18.7426247],[98.946881,18.7428832],[98.9467737,18.7430737]]]}},{"type":"Feature","id":370287903,"properties":{"id":370287903,"height":9,"base_height":0,"name_th":"วัดดอนปิน","name_en":"Wat Don Pin","name":"วัดดอนปิน","kind":"temple","kind_value":"buddhist","levels":null,"addr":null},"geometry":{"type":"Polygon","coordinates":[[[98.9569701,18.735371],[98.9577016,18.7352794],[98.9579686,18.735268],[98.9578738,18.7347899],[98.9577108,18.7344479],[98.9573242,18.7346014],[98.9570106,18.7347153],[98.9569677,18.7348245],[98.9569382,18.7353249],[98.9569701,18.735371]]]}},{"type":"Feature","id":370423801,"properties":{"id":370423801,"height":9,"base_height":0,"name_th":"วัดบวกครกหลวง","name_en":"Wat Buak Khrok Luang","name":"วัดบวกครกหลวง","kind":"temple","kind_value":"buddhist","levels":null,"addr":null},"geometry":{"type":"Polygon","coordinates":[[[99.0380278,18.7795865],[99.0382877,18.7796031],[99.0382894,18.7795787],[99.0383333,18.7795815],[99.038337,18.7795294],[99.0382932,18.7795266],[99.0382948,18.7795038],[99.0380348,18.7794873],[99.0380278,18.7795865]]]}},{"type":"Feature","id":371465276,"properties":{"id":371465276,"height":9,"base_height":0,"name_th":"วัดป่าเห็ว (สันป้เลย)","name_en":"Wat Pa Heo","name":"วัดป่าเห็ว (สันป้เลย)","kind":"temple","kind_value":"buddhist","levels":null,"addr":null},"geometry":{"type":"Polygon","coordinates":[[[99.1298651,18.7554835],[99.1300904,18.7559661],[99.1293877,18.7562962],[99.1290873,18.7556968],[99.1294091,18.7555902],[99.1298651,18.7554835]]]}},{"type":"Feature","id":371465594,"properties":{"id":371465594,"height":9,"base_height":0,"name_th":"วัดจันทรวิโรจน์","name_en":"Wat Chan Thara Wirot","name":"วัดจันทรวิโรจน์","kind":"temple","kind_value":"buddhist","levels":null,"addr":null},"geometry":{"type":"Polygon","coordinates":[[[99.1270113,18.7602684],[99.1275957,18.7598072],[99.1277984,18.7603926],[99.1271922,18.7608904],[99.1269469,18.7605071],[99.1270113,18.7602684]]]}},{"type":"Feature","id":371465808,"properties":{"id":371465808,"height":9,"base_height":0,"name_th":null,"name_en":null,"name":null,"kind":"temple","kind_value":"buddhist","levels":null,"addr":null},"geometry":{"type":"Polygon","coordinates":[[[99.1204774,18.7608474],[99.1208356,18.7613018],[99.1202938,18.7616269],[99.1199088,18.7612639],[99.1204774,18.7608474]]]}},{"type":"Feature","id":373874037,"properties":{"id":373874037,"height":9,"base_height":0,"name_th":"คริสตจักรสืบนทีธรรม","name_en":"Suebnathitham Church","name":null,"kind":"temple","kind_value":"christian","levels":null,"addr":"ถนน เกาะกลาง 169/1 Mu 4"},"geometry":{"type":"Polygon","coordinates":[[[98.9882352,18.7301725],[98.9884911,18.7302807],[98.9885587,18.7301371],[98.9883029,18.730029],[98.9882352,18.7301725]]]}},{"type":"Feature","id":374642700,"properties":{"id":374642700,"height":9,"base_height":0,"name_th":null,"name_en":"Wat Dok Dang","name":null,"kind":"temple","kind_value":"buddhist","levels":null,"addr":null},"geometry":{"type":"Polygon","coordinates":[[[99.1236997,18.841719],[99.1236916,18.8416739],[99.1234743,18.8412062],[99.1231078,18.8411042],[99.1229733,18.8411387],[99.123158,18.8418485],[99.1234424,18.8418381],[99.1236084,18.8417612],[99.1236997,18.841719]]]}},{"type":"Feature","id":374808820,"properties":{"id":374808820,"height":9,"base_height":0,"name_th":null,"name_en":null,"name":null,"kind":"temple","kind_value":"unknown","levels":null,"addr":null},"geometry":{"type":"Polygon","coordinates":[[[99.1248992,18.8290101],[99.1258003,18.8294223],[99.1254945,18.8299434],[99.1255267,18.8300603],[99.1254068,18.8300492],[99.1249883,18.8299358],[99.1247149,18.8299481],[99.1248074,18.8294775],[99.1248992,18.8290101]]]}},{"type":"Feature","id":374965396,"properties":{"id":374965396,"height":9,"base_height":0,"name_th":null,"name_en":null,"name":null,"kind":"temple","kind_value":"buddhist","levels":null,"addr":null},"geometry":{"type":"Polygon","coordinates":[[[99.131215,18.8336159],[99.1312123,18.8342175],[99.1306436,18.8341972],[99.1307,18.8336235],[99.131215,18.8336159]]]}},{"type":"Feature","id":375531926,"properties":{"id":375531926,"height":9,"base_height":0,"name_th":"วัดเชียงขาง","name_en":"Wat Chiang Khang","name":"วัดเชียงขาง","kind":"temple","kind_value":"buddhist","levels":null,"addr":null},"geometry":{"type":"Polygon","coordinates":[[[99.0394347,18.7506607],[99.0394556,18.7511384],[99.0403182,18.751016],[99.0402334,18.7506355],[99.0404416,18.7506096],[99.0404373,18.750224],[99.0399242,18.7502438],[99.0400208,18.7505943],[99.039656,18.7506959],[99.0396238,18.7506248],[99.0394347,18.7506607]]]}},{"type":"Feature","id":376384261,"properties":{"id":376384261,"height":9,"base_height":0,"name_th":"วัดสันกลางใต้","name_en":"Wat San Klang Tai","name":"วัดสันกลางใต้","kind":"temple","kind_value":"buddhist","levels":null,"addr":null},"geometry":{"type":"Polygon","coordinates":[[[99.0557921,18.7627838],[99.0546791,18.7630728],[99.0549983,18.7636824],[99.0550223,18.7637692],[99.0551297,18.7642893],[99.0551608,18.7642769],[99.0554959,18.7641757],[99.0555213,18.7641674],[99.0555372,18.7638048],[99.055591,18.763657],[99.0559236,18.7635579],[99.0558131,18.7632191],[99.0557572,18.7630479],[99.0557921,18.7627838]]]}},{"type":"Feature","id":376385595,"properties":{"id":376385595,"height":9,"base_height":0,"name_th":"วัดสันกลางเหนือ","name_en":"Wat San Klang Nuea","name":"วัดสันกลางเหนือ","kind":"temple","kind_value":"buddhist","levels":null,"addr":null},"geometry":{"type":"Polygon","coordinates":[[[99.0536999,18.7721296],[99.0536411,18.7715805],[99.0544457,18.7715094],[99.0544773,18.7715452],[99.0545261,18.7717453],[99.0546285,18.771755],[99.0545584,18.7721595],[99.0536999,18.7721296]]]}},{"type":"Feature","id":377819719,"properties":{"id":377819719,"height":9,"base_height":0,"name_th":"วัดชัยศรีภูมิ","name_en":"Wat Chai Sri Phoon","name":"วัดชัยศรีภูมิ","kind":"temple","kind_value":"buddhist","levels":null,"addr":null},"geometry":{"type":"Polygon","coordinates":[[[98.9939211,18.7937031],[98.9943293,18.7937016],[98.9943775,18.7946817],[98.9943963,18.7947964],[98.994281,18.7950347],[98.9940235,18.7950321],[98.9939772,18.7949931],[98.9939211,18.7937031]]]}},{"type":"Feature","id":378271848,"properties":{"id":378271848,"height":9,"base_height":0,"name_th":"วัดปราสาท","name_en":"Wat Prasat","name":"วัดปราสาท","kind":"temple","kind_value":"buddhist","levels":null,"addr":null},"geometry":{"type":"Polygon","coordinates":[[[98.9803827,18.7900481],[98.9809134,18.7900227],[98.9809095,18.7899509],[98.9816798,18.7899141],[98.981679,18.789571],[98.9803663,18.7896454],[98.9803827,18.7900481]]]}},{"type":"Feature","id":379034672,"properties":{"id":379034672,"height":9,"base_height":0,"name_th":null,"name_en":null,"name":null,"kind":"temple","kind_value":"buddhist","levels":null,"addr":null},"geometry":{"type":"Polygon","coordinates":[[[99.1806833,18.8071447],[99.1814922,18.8069304],[99.181857,18.8075143],[99.1808174,18.8078759],[99.1806833,18.8071447]]]}},{"type":"Feature","id":382248992,"properties":{"id":382248992,"height":9,"base_height":0,"name_th":"วัดพระนอป่าเก็ดถี","name_en":"Wat Phra No Pa Ket Thi","name":"วัดพระนอป่าเก็ดถี","kind":"temple","kind_value":"buddhist","levels":null,"addr":null},"geometry":{"type":"Polygon","coordinates":[[[99.0296253,18.7056742],[99.0296881,18.705677],[99.0296865,18.7057081],[99.0297695,18.7057117],[99.0297711,18.7056807],[99.0298422,18.7056838],[99.0298525,18.7055402],[99.0296336,18.7055294],[99.0296253,18.7056742]]]}},{"type":"Feature","id":382365670,"properties":{"id":382365670,"height":9,"base_height":0,"name_th":"วัดสันหลวง","name_en":"Wat San Luang","name":"วัดสันหลวง","kind":"temple","kind_value":"buddhist","levels":null,"addr":null},"geometry":{"type":"Polygon","coordinates":[[[99.072918,18.8451329],[99.0737892,18.8448967],[99.0740654,18.8455694],[99.0736341,18.8457701],[99.0734592,18.8457572],[99.0733117,18.8457928],[99.0731781,18.8458488],[99.072918,18.8451329]]]}},{"type":"Feature","id":382366138,"properties":{"id":382366138,"height":9,"base_height":0,"name_th":null,"name_en":null,"name":null,"kind":"temple","kind_value":"buddhist","levels":null,"addr":null},"geometry":{"type":"Polygon","coordinates":[[[99.0818578,18.8609821],[99.0826303,18.8611014],[99.0826324,18.8611851],[99.0825444,18.861538],[99.0821931,18.8614648],[99.0819592,18.8614541],[99.0818524,18.8611471],[99.0818578,18.8609821]]]}},{"type":"Feature","id":382968246,"properties":{"id":382968246,"height":9,"base_height":0,"name_th":"วัดมงคลวนาราม","name_en":"Wat Mongkhon Wana Ram","name":"วัดมงคลวนาราม","kind":"temple","kind_value":"buddhist","levels":null,"addr":null},"geometry":{"type":"Polygon","coordinates":[[[99.0506765,18.6936752],[99.0509089,18.6936116],[99.0508648,18.693467],[99.0506324,18.6935305],[99.0506765,18.6936752]]]}},{"type":"Feature","id":383205227,"properties":{"id":383205227,"height":9,"base_height":0,"name_th":"วัดป้านปิง","name_en":"Wat Panping","name":"วัดป้านปิง","kind":"temple","kind_value":"buddhist","levels":null,"addr":null},"geometry":{"type":"Polygon","coordinates":[[[98.9904051,18.7897205],[98.9906558,18.7897079],[98.9906498,18.7896005],[98.9903991,18.7896131],[98.9904051,18.7897205]]]}},{"type":"Feature","id":383205231,"properties":{"id":383205231,"height":9,"base_height":0,"name_th":"วัดอุโมงค์มหาเถรจันทร์","name_en":"Wat Umong Maha Therachan","name":"วัดอุโมงค์มหาเถรจันทร์","kind":"temple","kind_value":"buddhist","levels":null,"addr":null},"geometry":{"type":"Polygon","coordinates":[[[98.9898246,18.7893989],[98.9898248,18.7894119],[98.989812,18.7894121],[98.9898122,18.7894353],[98.9897806,18.7894357],[98.9897811,18.7894792],[98.9898127,18.7894789],[98.9898128,18.7894911],[98.9898433,18.7894908],[98.9898437,18.78953],[98.9898822,18.7895296],[98.9898817,18.7894904],[98.989953,18.7894897],[98.9899528,18.789472],[98.9899935,18.7894716],[98.989993,18.7894276],[98.9899523,18.789428],[98.9899521,18.7894107],[98.9899167,18.789411],[98.9899166,18.789398],[98.9898246,18.7893989]]]}},{"type":"Feature","id":383405922,"properties":{"id":383405922,"height":9,"base_height":0,"name_th":null,"name_en":null,"name":null,"kind":"temple","kind_value":"christian","levels":null,"addr":null},"geometry":{"type":"Polygon","coordinates":[[[99.0481958,18.8027177],[99.048462,18.8027584],[99.0484409,18.8028823],[99.0481746,18.8028416],[99.0481958,18.8027177]]]}},{"type":"Feature","id":383453299,"properties":{"id":383453299,"height":9,"base_height":0,"name_th":"วัดสันทรายมูล","name_en":"Wat San Sai Mun","name":"วัดสันทรายมูล","kind":"temple","kind_value":"buddhist","levels":null,"addr":null},"geometry":{"type":"Polygon","coordinates":[[[99.0302147,18.8176801],[99.0297156,18.8177618],[99.0297371,18.8180867],[99.029823,18.8183479],[99.0300965,18.8182822],[99.0301019,18.8183457],[99.0305766,18.8182111],[99.0302147,18.8176801]]]}},{"type":"Feature","id":383587808,"properties":{"id":383587808,"height":9,"base_height":0,"name_th":null,"name_en":"Mahachon Chiang Mai","name":"คริสตงักร มหาชล เชียงใหม่","kind":"temple","kind_value":"christian","levels":null,"addr":null},"geometry":{"type":"Polygon","coordinates":[[[99.0097513,18.7310402],[99.0100941,18.7310791],[99.0101147,18.7309163],[99.0097719,18.7308774],[99.0097513,18.7310402]]]}},{"type":"Feature","id":383587812,"properties":{"id":383587812,"height":9,"base_height":0,"name_th":"วัดผางยอย","name_en":"Wat Phang Yoi","name":"วัดผางยอย","kind":"temple","kind_value":"buddhist","levels":null,"addr":null},"geometry":{"type":"Polygon","coordinates":[[[99.0216454,18.7390639],[99.0219156,18.7390771],[99.0219203,18.738992],[99.0216501,18.7389788],[99.0216454,18.7390639]]]}},{"type":"Feature","id":383626877,"properties":{"id":383626877,"height":9,"base_height":0,"name_th":"วัดดอนจืน","name_en":"Wat Don Chuen","name":"วัดดอนจืน","kind":"temple","kind_value":"buddhist","levels":null,"addr":null},"geometry":{"type":"Polygon","coordinates":[[[99.0255948,18.7349589],[99.0255984,18.7351106],[99.025577,18.7354027],[99.0255145,18.735643],[99.0252122,18.7356821],[99.0250365,18.73549],[99.0248367,18.7349023],[99.0249815,18.7348083],[99.025577,18.7348109],[99.0255904,18.7348566],[99.0255948,18.7349589]]]}},{"type":"Feature","id":385423319,"properties":{"id":385423319,"height":9,"base_height":0,"name_th":"วัดทุ่งป่าเก็ด","name_en":"Wat Thung Pa Ket","name":null,"kind":"temple","kind_value":"buddhist","levels":null,"addr":null},"geometry":{"type":"Polygon","coordinates":[[[99.002215,18.8786305],[99.0021605,18.8789541],[99.002021,18.879284],[99.0014908,18.8792599],[99.0015015,18.8785899],[99.002215,18.8786305]]]}},{"type":"Feature","id":386326099,"properties":{"id":386326099,"height":9,"base_height":0,"name_th":null,"name_en":"Wat Si Don Chai","name":"วัดศรีดอนซัย","kind":"temple","kind_value":"buddhist","levels":null,"addr":null},"geometry":{"type":"Polygon","coordinates":[[[99.0656075,18.6528728],[99.0654003,18.6521034],[99.0660346,18.65195],[99.0662419,18.6527195],[99.0656075,18.6528728]]]}},{"type":"Feature","id":386774058,"properties":{"id":386774058,"height":9,"base_height":0,"name_th":null,"name_en":"Masjid Daawatil Islam","name":null,"kind":"temple","kind_value":"muslim","levels":null,"addr":null},"geometry":{"type":"Polygon","coordinates":[[[98.973562,18.7497363],[98.9736728,18.7496961],[98.9736243,18.7495762],[98.9735135,18.7496164],[98.973562,18.7497363]]]}},{"type":"Feature","id":386884591,"properties":{"id":386884591,"height":9,"base_height":0,"name_th":"วัดสุขวิเวการาม (สันทรายเหนือ)","name_en":"Wat Suk Wi Weka Ram (San Sai Nuea)","name":"วัดสุขวิเวการาม (สันทรายเหนือ)","kind":"temple","kind_value":"buddhist","levels":null,"addr":null},"geometry":{"type":"Polygon","coordinates":[[[99.1352309,18.8948549],[99.1354937,18.8956114],[99.1348983,18.8957991],[99.1345925,18.8956824],[99.134394,18.895251],[99.1346837,18.8950277],[99.13485,18.8948551],[99.1352309,18.8948549]]]}},{"type":"Feature","id":387446970,"properties":{"id":387446970,"height":9,"base_height":0,"name_th":"วัดหัวฝาย","name_en":"Wat Hua Fai","name":"วัดหัวฝาย","kind":"temple","kind_value":"buddhist","levels":null,"addr":null},"geometry":{"type":"Polygon","coordinates":[[[98.993184,18.7737339],[98.9939862,18.773845],[98.9939703,18.7733238],[98.9931974,18.7732914],[98.993184,18.7737339]]]}},{"type":"Feature","id":387509820,"properties":{"id":387509820,"height":9,"base_height":0,"name_th":null,"name_en":null,"name":null,"kind":"temple","kind_value":"buddhist","levels":null,"addr":null},"geometry":{"type":"Polygon","coordinates":[[[98.9546476,18.7710027],[98.9556281,18.7705126],[98.9559682,18.7714122],[98.9549831,18.7717222],[98.9548689,18.7712187],[98.9546476,18.7710027]]]}},{"type":"Feature","id":387748576,"properties":{"id":387748576,"height":9,"base_height":0,"name_th":"วัดแม่ริม","name_en":"Wat Mae Rim","name":"วัดแม่ริม","kind":"temple","kind_value":"buddhist","levels":null,"addr":null},"geometry":{"type":"Polygon","coordinates":[[[98.9439313,18.9157526],[98.9439783,18.9156388],[98.9437141,18.9155411],[98.9436671,18.915655],[98.9439313,18.9157526]]]}},{"type":"Feature","id":389552872,"properties":{"id":389552872,"height":9,"base_height":0,"name_th":null,"name_en":null,"name":"Seven Fountains Spirituality Center","kind":"temple","kind_value":"christian","levels":null,"addr":"Huey Kaew Road 97"},"geometry":{"type":"Polygon","coordinates":[[[98.9579001,18.8075875],[98.958389,18.8073485],[98.958298,18.8071818],[98.9578517,18.8074001],[98.9578091,18.8074209],[98.9579001,18.8075875]]]}},{"type":"Feature","id":389641502,"properties":{"id":389641502,"height":9,"base_height":0,"name_th":"วัดป่าบง","name_en":"Wat Pa Bong","name":"วัดป่าบง","kind":"temple","kind_value":"buddhist","levels":null,"addr":null},"geometry":{"type":"Polygon","coordinates":[[[98.9842205,18.9283956],[98.98432,18.9279504],[98.984864,18.9280591],[98.9847645,18.9285044],[98.9842205,18.9283956]]]}},{"type":"Feature","id":389643571,"properties":{"id":389643571,"height":9,"base_height":0,"name_th":null,"name_en":"Wat Phon Hop Pra Kit","name":"วัดพรหบประกิษฐ์","kind":"temple","kind_value":"buddhist","levels":null,"addr":null},"geometry":{"type":"Polygon","coordinates":[[[98.9781057,18.9100475],[98.9782954,18.9091728],[98.9794395,18.9093659],[98.979413,18.909864],[98.9794023,18.9100388],[98.9793366,18.9101508],[98.9791297,18.9102672],[98.9781057,18.9100475]]]}},{"type":"Feature","id":390331056,"properties":{"id":390331056,"height":9,"base_height":0,"name_th":"วัดเมืองสาตรน้อย","name_en":"Wat Mueang Sattra Noi","name":null,"kind":"temple","kind_value":"buddhist","levels":null,"addr":null},"geometry":{"type":"Polygon","coordinates":[[[99.015453,18.7646567],[99.016084,18.7646644],[99.0161102,18.7645253],[99.0154698,18.7644947],[99.015453,18.7646567]]]}},{"type":"Feature","id":390377255,"properties":{"id":390377255,"height":9,"base_height":0,"name_th":"วัดศรีบุญเรือง","name_en":"Wat Si Bun Rueang","name":"วัดศรีบุญเรือง","kind":"temple","kind_value":"buddhist","levels":null,"addr":null},"geometry":{"type":"Polygon","coordinates":[[[98.9996096,18.7535465],[98.9996287,18.7535596],[98.9996532,18.7535273],[98.9996341,18.7535143],[98.9997109,18.7534133],[98.9996284,18.7533571],[98.9994676,18.7535689],[98.99955,18.753625],[98.9996096,18.7535465]]]}},{"type":"Feature","id":390789320,"properties":{"id":390789320,"height":9,"base_height":0,"name_th":"วัดฟ้าฮ่าม","name_en":"Wat Fa Ham","name":"วัดฟ้าฮ่าม","kind":"temple","kind_value":"buddhist","levels":null,"addr":null},"geometry":{"type":"Polygon","coordinates":[[[99.0042871,18.8040115],[99.0055747,18.8038615],[99.0055585,18.804214],[99.0055522,18.80447],[99.0047164,18.8045775],[99.004695,18.8049075],[99.00424,18.8048651],[99.0042871,18.8040115]]]}},{"type":"Feature","id":392201515,"properties":{"id":392201515,"height":9,"base_height":0,"name_th":null,"name_en":null,"name":null,"kind":"temple","kind_value":"buddhist","levels":null,"addr":null},"geometry":{"type":"Polygon","coordinates":[[[99.0658268,18.9471969],[99.0661714,18.9473126],[99.0662315,18.9471526],[99.0658868,18.9470369],[99.0658268,18.9471969]]]}},{"type":"Feature","id":392571428,"properties":{"id":392571428,"height":9,"base_height":0,"name_th":null,"name_en":"Wat Pak Mueang","name":"วัดปากเหมือง","kind":"temple","kind_value":"buddhist","levels":null,"addr":null},"geometry":{"type":"Polygon","coordinates":[[[98.9932697,18.6809479],[98.9930242,18.6814464],[98.992902,18.6814473],[98.9927416,18.6814485],[98.9925198,18.6814501],[98.9919576,18.6815469],[98.9917798,18.6815914],[98.9917715,18.6815759],[98.9917684,18.6815482],[98.9917751,18.6815228],[98.9918127,18.6814472],[98.9918616,18.6813042],[98.9918784,18.6812267],[98.9918884,18.6809686],[98.9921889,18.680946],[98.992514,18.6809098],[98.9930607,18.6808755],[98.9932697,18.6809479]]]}},{"type":"Feature","id":401699514,"properties":{"id":401699514,"height":9,"base_height":0,"name_th":"วัดสันโป่ง","name_en":"Wat San Pong","name":"วัดสันโป่ง","kind":"temple","kind_value":"buddhist","levels":null,"addr":null},"geometry":{"type":"Polygon","coordinates":[[[99.0811279,18.7965585],[99.0811429,18.7965871],[99.0819316,18.7963061],[99.0820658,18.7965957],[99.0808557,18.7970393],[99.0807569,18.7966544],[99.0811279,18.7965585]]]}},{"type":"Feature","id":402598219,"properties":{"id":402598219,"height":9,"base_height":0,"name_th":null,"name_en":"Santitham Christian Church","name":null,"kind":"temple","kind_value":"christian","levels":null,"addr":null},"geometry":{"type":"Polygon","coordinates":[[[98.9869762,18.729584],[98.9871742,18.7296115],[98.9872104,18.7293778],[98.9871087,18.7293637],[98.9870124,18.7293503],[98.9869762,18.729584]]]}},{"type":"Feature","id":404096638,"properties":{"id":404096638,"height":9,"base_height":0,"name_th":null,"name_en":null,"name":null,"kind":"temple","kind_value":"unknown","levels":null,"addr":null},"geometry":{"type":"Polygon","coordinates":[[[99.17213,18.7484711],[99.1722301,18.7486076],[99.1726335,18.7491579],[99.1720685,18.7493525],[99.1716501,18.7494561],[99.1714783,18.7494715],[99.1711582,18.7495003],[99.1711859,18.7486692],[99.17213,18.7484711]]]}},{"type":"Feature","id":404528432,"properties":{"id":404528432,"height":9,"base_height":0,"name_th":"วัดป่าแคโยง","name_en":"Wat Pa Khae Yong","name":"วัดป่าแคโยง","kind":"temple","kind_value":"buddhist","levels":null,"addr":null},"geometry":{"type":"Polygon","coordinates":[[[99.0272795,18.7267184],[99.0273174,18.7268098],[99.0271135,18.7268856],[99.0270756,18.7267943],[99.0272795,18.7267184]]]}},{"type":"Feature","id":405079445,"properties":{"id":405079445,"height":9,"base_height":0,"name_th":"วัดดอนชัย","name_en":"Wat Don Chai","name":null,"kind":"temple","kind_value":"buddhist","levels":null,"addr":null},"geometry":{"type":"Polygon","coordinates":[[[98.9802149,18.7358758],[98.9804482,18.7358694],[98.980445,18.7357609],[98.9802116,18.7357672],[98.9802149,18.7358758]]]}},{"type":"Feature","id":405674200,"properties":{"id":405674200,"height":9,"base_height":0,"name_th":"วัดสันคือ","name_en":"Wat San Khue","name":"วัดสันคือ","kind":"temple","kind_value":"buddhist","levels":null,"addr":null},"geometry":{"type":"Polygon","coordinates":[[[99.0197697,18.744969],[99.0202835,18.7447659],[99.020363,18.7447345],[99.0204667,18.7445852],[99.0205007,18.7445361],[99.0202649,18.744403],[99.0202403,18.7443219],[99.0201621,18.7442916],[99.0195697,18.7442796],[99.0195495,18.7443433],[99.0197697,18.744969]]]}},{"type":"Feature","id":406558245,"properties":{"id":406558245,"height":9,"base_height":0,"name_th":null,"name_en":"Chiangmai Samakkee Charity Foundation","name":"มูลนิธิเชียงใหม่สามัคคีการกุศล","kind":"temple","kind_value":"unknown","levels":null,"addr":null},"geometry":{"type":"Polygon","coordinates":[[[99.001185,18.783839],[99.0016785,18.7838212],[99.001759,18.783745],[99.0017335,18.7830416],[99.0011944,18.7831292],[99.0011059,18.7833298],[99.001185,18.783839]]]}},{"type":"Feature","id":406558246,"properties":{"id":406558246,"height":9,"base_height":0,"name_th":null,"name_en":"Wat Chaimongkol","name":"วัดชัยมงคล","kind":"temple","kind_value":"buddhist","levels":null,"addr":null},"geometry":{"type":"Polygon","coordinates":[[[99.0038941,18.7808489],[99.0042575,18.7801302],[99.0053547,18.7804832],[99.0049455,18.7812094],[99.0038941,18.7808489]]]}},{"type":"Feature","id":406931128,"properties":{"id":406931128,"height":9,"base_height":0,"name_th":"วัดสันกลาง","name_en":"Wat San Klang","name":null,"kind":"temple","kind_value":"buddhist","levels":null,"addr":null},"geometry":{"type":"Polygon","coordinates":[[[98.9904704,18.6944918],[98.9906588,18.6944315],[98.9906308,18.6943529],[98.9904423,18.6944132],[98.9904704,18.6944918]]]}},{"type":"Feature","id":406992814,"properties":{"id":406992814,"height":9,"base_height":0,"name_th":"วัดป่าพร้าวใน","name_en":"Wat Pa Phrao Nai","name":"วัดป่าพร้าวใน","kind":"temple","kind_value":"buddhist","levels":null,"addr":null},"geometry":{"type":"Polygon","coordinates":[[[98.9803748,18.7931264],[98.9808637,18.7931807],[98.9808529,18.7934495],[98.9803321,18.7934147],[98.9803748,18.7931264]]]}},{"type":"Feature","id":406992974,"properties":{"id":406992974,"height":9,"base_height":0,"name_th":"วัดดับภัย","name_en":"Wat Dubphai","name":"วัดดับภัย","kind":"temple","kind_value":"buddhist","levels":null,"addr":null},"geometry":{"type":"Polygon","coordinates":[[[98.9810699,18.7925798],[98.9819361,18.7926261],[98.9819093,18.7930752],[98.9810432,18.7930291],[98.9810699,18.7925798]]]}},{"type":"Feature","id":408486780,"properties":{"id":408486780,"height":9,"base_height":0,"name_th":null,"name_en":"Sanitsuk Church","name":null,"kind":"temple","kind_value":"christian","levels":null,"addr":null},"geometry":{"type":"Polygon","coordinates":[[[99.0256269,18.7201865],[99.0258106,18.7202043],[99.025824,18.7201547],[99.025824,18.7200849],[99.0258026,18.7200493],[99.0257463,18.720015],[99.0256551,18.7200049],[99.0256269,18.7201865]]]}},{"type":"Feature","id":418409458,"properties":{"id":418409458,"height":9,"base_height":0,"name_th":null,"name_en":null,"name":null,"kind":"temple","kind_value":"buddhist","levels":null,"addr":null},"geometry":{"type":"Polygon","coordinates":[[[99.0537639,18.6656181],[99.0539065,18.6660913],[99.0531123,18.6663199],[99.0530747,18.6662897],[99.0530597,18.6658018],[99.0537639,18.6656181]]]}},{"type":"Feature","id":421103611,"properties":{"id":421103611,"height":9,"base_height":0,"name_th":"วัดข่วงสิงห์","name_en":"Wat Khuang Sing","name":"วัดข่วงสิงห์","kind":"temple","kind_value":"buddhist","levels":null,"addr":null},"geometry":{"type":"Polygon","coordinates":[[[98.9824376,18.8129501],[98.9827686,18.8129613],[98.982774,18.8128172],[98.9824431,18.8128059],[98.9824376,18.8129501]]]}},{"type":"Feature","id":422737434,"properties":{"id":422737434,"height":9,"base_height":0,"name_th":"วัดสันใต้","name_en":"Wat San Tai","name":"วัดสันใต้","kind":"temple","kind_value":"buddhist","levels":null,"addr":null},"geometry":{"type":"Polygon","coordinates":[[[99.1129121,18.745035],[99.1130978,18.7449445],[99.1135158,18.7452876],[99.1140602,18.7452361],[99.114061,18.7443957],[99.1137305,18.7443843],[99.113564,18.7444255],[99.1134014,18.7442449],[99.113262,18.7443574],[99.1128462,18.7445913],[99.112899,18.7447932],[99.1128534,18.7448974],[99.1129121,18.745035]]]}},{"type":"Feature","id":423031752,"properties":{"id":423031752,"height":9,"base_height":0,"name_th":"วัดพวกแต้ม","name_en":"Wat Phuak Taem","name":"วัดพวกแต้ม","kind":"temple","kind_value":"buddhist","levels":null,"addr":null},"geometry":{"type":"Polygon","coordinates":[[[98.9833737,18.7827077],[98.9833867,18.7824398],[98.9834085,18.7823434],[98.9834287,18.7821199],[98.9830118,18.7821034],[98.9827205,18.7821071],[98.9827326,18.7821719],[98.9827787,18.7827214],[98.982942,18.7827664],[98.9832927,18.7827464],[98.9833737,18.7827077]]]}},{"type":"Feature","id":423032578,"properties":{"id":423032578,"height":9,"base_height":0,"name_th":"สมาคมจีนเตี้ยเอี้ยเชียงใหม่","name_en":null,"name":"สมาคมจีนเตี้ยเอี้ยเชียงใหม่","kind":"temple","kind_value":"unknown","levels":null,"addr":"ถนนอารักษ์ 73/5"},"geometry":{"type":"Polygon","coordinates":[[[98.9780853,18.7837798],[98.9784551,18.7837577],[98.9784633,18.7840969],[98.9781101,18.7841317],[98.9780853,18.7837798]]]}},{"type":"Feature","id":437531160,"properties":{"id":437531160,"height":9,"base_height":0,"name_th":null,"name_en":null,"name":"วัดท่าเกวียน","kind":"temple","kind_value":"buddhist","levels":null,"addr":null},"geometry":{"type":"Polygon","coordinates":[[[99.020764,18.8674563],[99.0213571,18.8674762],[99.0213548,18.8668465],[99.0206613,18.8667869],[99.020764,18.8674563]]]}},{"type":"Feature","id":438102825,"properties":{"id":438102825,"height":9,"base_height":0,"name_th":"วัดสันป่าสัก","name_en":"Wat San Pa Sak","name":"วัดสันป่าสัก","kind":"temple","kind_value":"buddhist","levels":null,"addr":null},"geometry":{"type":"Polygon","coordinates":[[[99.0279796,18.8593778],[99.0290315,18.8591508],[99.0287056,18.858112],[99.0275298,18.8583773],[99.0277967,18.8592009],[99.0279217,18.8593218],[99.0279796,18.8593778]]]}},{"type":"Feature","id":441418807,"properties":{"id":441418807,"height":9,"base_height":0,"name_th":null,"name_en":"Ho Inthakhin City Pillar Shrine Chiang Mai","name":"หออินทขีล เสาหลักเมืองเชียงใหม่","kind":"temple","kind_value":"unknown","levels":null,"addr":null},"geometry":{"type":"Polygon","coordinates":[[[98.9877598,18.7868353],[98.9877952,18.7868386],[98.9878624,18.7868449],[98.9878748,18.7867259],[98.9877722,18.7867163],[98.9877598,18.7868353]]]}},{"type":"Feature","id":448658421,"properties":{"id":448658421,"height":9,"base_height":0,"name_th":"วัดลั่ขป่าแดง","name_en":"Wat Lak Pa Daeng","name":"วัดลั่ขป่าแดง","kind":"temple","kind_value":"buddhist","levels":null,"addr":null},"geometry":{"type":"Polygon","coordinates":[[[99.0842389,18.7461379],[99.0841632,18.7461684],[99.0829953,18.7465909],[99.082959,18.7464701],[99.0826181,18.746041],[99.0833085,18.7456674],[99.0840811,18.7452075],[99.0845624,18.7459347],[99.0842389,18.7461379]]]}},{"type":"Feature","id":449020085,"properties":{"id":449020085,"height":9,"base_height":0,"name_th":"โลหะปราสาท พระธาตุศรีเมืองปง","name_en":"Loha Prasat Sri Mueang Pong","name":"โลหะปราสาทพระธาตุศรีเมืองปง","kind":"temple","kind_value":"buddhist","levels":null,"addr":null},"geometry":{"type":"Polygon","coordinates":[[[98.8802665,18.7513439],[98.8807919,18.7513411],[98.8807952,18.7518798],[98.8805015,18.7518814],[98.8805028,18.7520857],[98.8801646,18.7520875],[98.8801618,18.7516205],[98.8802681,18.7516199],[98.8802665,18.7513439]]]}},{"type":"Feature","id":449382103,"properties":{"id":449382103,"height":9,"base_height":0,"name_th":null,"name_en":null,"name":null,"kind":"temple","kind_value":"unknown","levels":null,"addr":null},"geometry":{"type":"Polygon","coordinates":[[[98.9380081,18.942754],[98.938378,18.9421259],[98.939365,18.9425927],[98.9392419,18.9430838],[98.9389737,18.9432766],[98.9380081,18.942754]]]}},{"type":"Feature","id":452994157,"properties":{"id":452994157,"height":9,"base_height":0,"name_th":"วิหารใหญ่ วัดบุพพาราม","name_en":null,"name":"วิหารใหญ่ วัดบุพพาราม","kind":"temple","kind_value":"buddhist","levels":null,"addr":null},"geometry":{"type":"Polygon","coordinates":[[[98.9980001,18.7879681],[98.9979874,18.7881667],[98.9978452,18.7881585],[98.9978579,18.7879599],[98.9980001,18.7879681]]]}},{"type":"Feature","id":465931086,"properties":{"id":465931086,"height":9,"base_height":0,"name_th":"วัดสรีชัยชุม","name_en":"Wat Si Chai Chum","name":"วัดสรีชัยชุม","kind":"temple","kind_value":"buddhist","levels":null,"addr":null},"geometry":{"type":"Polygon","coordinates":[[[99.1624946,18.6961106],[99.1626894,18.6965212],[99.1627211,18.6965906],[99.1623212,18.6967548],[99.1618536,18.6969388],[99.1615746,18.6969744],[99.1613708,18.6967051],[99.1624946,18.6961106]]]}},{"type":"Feature","id":466711951,"properties":{"id":466711951,"height":9,"base_height":0,"name_th":null,"name_en":null,"name":null,"kind":"temple","kind_value":"buddhist","levels":null,"addr":null},"geometry":{"type":"Polygon","coordinates":[[[99.1374521,18.686461],[99.1381063,18.6869486],[99.1376398,18.6874974],[99.137157,18.6869079],[99.1374521,18.686461]]]}},{"type":"Feature","id":467444127,"properties":{"id":467444127,"height":9,"base_height":0,"name_th":"วัดนันทาราม","name_en":"Wat Nantaram","name":"วัดนันทาราม","kind":"temple","kind_value":"buddhist","levels":null,"addr":null},"geometry":{"type":"Polygon","coordinates":[[[98.9856854,18.7738968],[98.9855815,18.7746312],[98.9857697,18.7746831],[98.9856666,18.7751872],[98.9867749,18.7754927],[98.9869089,18.7751171],[98.9870202,18.7749802],[98.987155,18.7745397],[98.9870641,18.7744972],[98.9871734,18.7740782],[98.9870937,18.7740633],[98.9870846,18.7739239],[98.986788,18.7738664],[98.986764,18.7739285],[98.9865695,18.7738967],[98.9864571,18.7739967],[98.9858562,18.7738604],[98.9856854,18.7738968]]]}},{"type":"Feature","id":467489219,"properties":{"id":467489219,"height":9,"base_height":0,"name_th":null,"name_en":"Wat Langka","name":null,"kind":"temple","kind_value":"buddhist","levels":null,"addr":null},"geometry":{"type":"Polygon","coordinates":[[[99.0061136,18.8115567],[99.0063964,18.8115521],[99.0063982,18.8116467],[99.0061153,18.8116512],[99.0061136,18.8115567]]]}},{"type":"Feature","id":475224422,"properties":{"id":475224422,"height":9,"base_height":0,"name_th":"วัดป่าตึง","name_en":"Wat Pa Tueng","name":"วัดป่าตึง","kind":"temple","kind_value":"buddhist","levels":null,"addr":null},"geometry":{"type":"Polygon","coordinates":[[[99.1396431,18.6986056],[99.140201,18.6982143],[99.1404585,18.6983769],[99.140673,18.6988902],[99.1403351,18.6990731],[99.140099,18.6992408],[99.1399649,18.6993678],[99.1396431,18.6986056]]]}},{"type":"Feature","id":475307316,"properties":{"id":475307316,"height":9,"base_height":0,"name_th":"วัดป่าแงะ","name_en":"Wat Pa Ngae","name":"วัดป่าแงะ","kind":"temple","kind_value":"buddhist","levels":null,"addr":null},"geometry":{"type":"Polygon","coordinates":[[[99.194709,18.7256562],[99.194308,18.7257358],[99.194013,18.7258628],[99.1940827,18.7262274],[99.1942234,18.7265071],[99.1948812,18.7263111],[99.194709,18.7256562]]]}},{"type":"Feature","id":475412047,"properties":{"id":475412047,"height":9,"base_height":0,"name_th":"วัดป่าเปา","name_en":"Wat Pa Pao","name":"วัดป่าเปา","kind":"temple","kind_value":"buddhist","levels":null,"addr":null},"geometry":{"type":"Polygon","coordinates":[[[99.1606236,18.7315125],[99.1596884,18.7316883],[99.15958,18.7312798],[99.1595047,18.7310169],[99.1594939,18.7309818],[99.1601753,18.7306134],[99.1603554,18.7311442],[99.1604462,18.7312942],[99.1605374,18.7313678],[99.1605888,18.7314312],[99.1606236,18.7315125]]]}},{"type":"Feature","id":475413030,"properties":{"id":475413030,"height":9,"base_height":0,"name_th":"วัดแช่ช้าง","name_en":"Wat Chae Chang","name":"วัดแช่ช้าง","kind":"temple","kind_value":"buddhist","levels":null,"addr":null},"geometry":{"type":"Polygon","coordinates":[[[99.1283226,18.7307767],[99.1282968,18.7311376],[99.1282937,18.7313838],[99.1279771,18.7314197],[99.1276666,18.7314341],[99.1276279,18.7311967],[99.1276508,18.7309739],[99.1276349,18.730684],[99.1283226,18.7307767]]]}},{"type":"Feature","id":475552976,"properties":{"id":475552976,"height":9,"base_height":0,"name_th":"วัดกฤษณา(ดอยยาว)","name_en":"Wat Kritsana (Doi Yao)","name":"วัดกฤษณา(ดอยยาว)","kind":"temple","kind_value":"buddhist","levels":null,"addr":null},"geometry":{"type":"Polygon","coordinates":[[[99.1702709,18.7223619],[99.1708492,18.722256],[99.1710273,18.7229563],[99.1705059,18.7230874],[99.1702709,18.7223619]]]}},{"type":"Feature","id":482251293,"properties":{"id":482251293,"height":9,"base_height":0,"name_th":null,"name_en":null,"name":null,"kind":"temple","kind_value":"buddhist","levels":null,"addr":null},"geometry":{"type":"Polygon","coordinates":[[[99.051384,18.7310393],[99.0508077,18.731274],[99.0504575,18.7314715],[99.0505547,18.7317332],[99.0507256,18.731961],[99.0508758,18.7320677],[99.0509892,18.7320837],[99.0523009,18.7315987],[99.0520784,18.7308799],[99.051384,18.7310393]]]}},{"type":"Feature","id":482679680,"properties":{"id":482679680,"height":9,"base_height":0,"name_th":null,"name_en":null,"name":null,"kind":"temple","kind_value":"unknown","levels":null,"addr":null},"geometry":{"type":"Polygon","coordinates":[[[99.1107264,18.8404254],[99.1109276,18.841121],[99.110898,18.8413393],[99.1104099,18.8414357],[99.1103455,18.8412022],[99.1101846,18.8407808],[99.1102409,18.8406818],[99.1107264,18.8404254]]]}},{"type":"Feature","id":482683237,"properties":{"id":482683237,"height":9,"base_height":0,"name_th":"วัดดวงดี","name_en":"Wat Duangdee","name":"วัดดวงดี","kind":"temple","kind_value":"buddhist","levels":null,"addr":null},"geometry":{"type":"Polygon","coordinates":[[[99.1356651,18.8413846],[99.1358956,18.8414423],[99.135864,18.8415553],[99.1356335,18.8414976],[99.1356651,18.8413846]]]}},{"type":"Feature","id":482773836,"properties":{"id":482773836,"height":6,"base_height":0,"name_th":"หอมณเฑียรธรรม","name_en":"Ho Monthian Tham","name":"หอมณเฑียรธรรม","kind":"temple","kind_value":"buddhist","levels":2,"addr":null},"geometry":{"type":"Polygon","coordinates":[[[98.9982376,18.7878417],[98.9982379,18.7878952],[98.9981979,18.7878953],[98.9981982,18.7879656],[98.9982439,18.7879654],[98.9982443,18.7880514],[98.9983168,18.7880511],[98.9983164,18.7879683],[98.9983579,18.7879681],[98.9983575,18.7878953],[98.9983147,18.7878955],[98.9983145,18.7878413],[98.9982376,18.7878417]]]}},{"type":"Feature","id":484309832,"properties":{"id":484309832,"height":9,"base_height":0,"name_th":null,"name_en":"Wat Nam Cham","name":"วัดน้ำจำ","kind":"temple","kind_value":"buddhist","levels":null,"addr":null},"geometry":{"type":"Polygon","coordinates":[[[99.1578369,18.7575914],[99.1565951,18.7578578],[99.156477,18.7571721],[99.1567855,18.7571495],[99.1567318,18.7568905],[99.1574683,18.7567152],[99.1576706,18.756667],[99.1578369,18.7575914]]]}},{"type":"Feature","id":488582967,"properties":{"id":488582967,"height":9,"base_height":0,"name_th":"วัดศรีบุญเรือง","name_en":"Wat Si Bun Rueang","name":"วัดศรีบุญเรือง","kind":"temple","kind_value":"buddhist","levels":null,"addr":null},"geometry":{"type":"Polygon","coordinates":[[[98.9490224,18.9060989],[98.948988,18.906207],[98.9491916,18.9062651],[98.9492261,18.906157],[98.9490224,18.9060989]]]}},{"type":"Feature","id":488645281,"properties":{"id":488645281,"height":9,"base_height":0,"name_th":null,"name_en":null,"name":null,"kind":"temple","kind_value":"buddhist","levels":null,"addr":null},"geometry":{"type":"Polygon","coordinates":[[[98.9598467,18.8606891],[98.9598843,18.8607475],[98.9599567,18.8607627],[98.9600184,18.8607271],[98.9600345,18.8606561],[98.9599976,18.8606053],[98.9599198,18.8605875],[98.9598608,18.8606231],[98.9598467,18.8606891]]]}},{"type":"Feature","id":495023594,"properties":{"id":495023594,"height":9,"base_height":0,"name_th":null,"name_en":null,"name":null,"kind":"temple","kind_value":"buddhist","levels":null,"addr":null},"geometry":{"type":"Polygon","coordinates":[[[98.9980126,18.783642],[98.9979875,18.7837161],[98.9980751,18.7837427],[98.9981002,18.7836687],[98.9980126,18.783642]]]}},{"type":"Feature","id":495778859,"properties":{"id":495778859,"height":9,"base_height":0,"name_th":"วัดอุปคุต","name_en":"Wat Up Khut","name":"วัดอุปคุต","kind":"temple","kind_value":"buddhist","levels":null,"addr":null},"geometry":{"type":"Polygon","coordinates":[[[99.0009532,18.7870503],[99.001004,18.787368],[99.0011212,18.7877898],[99.0011447,18.7878129],[99.0011745,18.7878178],[99.0016662,18.7876988],[99.0015438,18.7869415],[99.0009532,18.7870503]]]}},{"type":"Feature","id":496702101,"properties":{"id":496702101,"height":9,"base_height":0,"name_th":"วัดไพรสณาท์สว่าง","name_en":"Wat Phai Rot Na Wang","name":"วัดไพรสณาท์สว่าง","kind":"temple","kind_value":"buddhist","levels":null,"addr":null},"geometry":{"type":"Polygon","coordinates":[[[99.1564244,18.8344116],[99.1565129,18.8348584],[99.1555205,18.8350438],[99.1554508,18.8345944],[99.1564244,18.8344116]]]}},{"type":"Feature","id":521758837,"properties":{"id":521758837,"height":9,"base_height":0,"name_th":null,"name_en":null,"name":null,"kind":"temple","kind_value":"muslim","levels":null,"addr":null},"geometry":{"type":"Polygon","coordinates":[[[99.006932,18.7922031],[99.007118,18.7921618],[99.0070804,18.7919712],[99.0070896,18.791953],[99.0070631,18.7918577],[99.006872,18.7919443],[99.006932,18.7922031]]]}},{"type":"Feature","id":525728485,"properties":{"id":525728485,"height":9,"base_height":0,"name_th":"วัดเมืองลัง","name_en":"Wat Mueang Lang","name":"วัดเมืองลัง","kind":"temple","kind_value":"buddhist","levels":null,"addr":null},"geometry":{"type":"Polygon","coordinates":[[[98.9950907,18.8203668],[98.9950755,18.8204665],[98.9953191,18.8204998],[98.9953343,18.8204001],[98.9950907,18.8203668]]]}},{"type":"Feature","id":525732814,"properties":{"id":525732814,"height":9,"base_height":0,"name_th":"วัดอรุณนิวาส","name_en":"Wat Arun Niwat","name":"วัดอรุณนิวาส","kind":"temple","kind_value":"buddhist","levels":null,"addr":null},"geometry":{"type":"Polygon","coordinates":[[[98.9470398,18.9114389],[98.9470075,18.9114952],[98.9471127,18.9115492],[98.947145,18.9114929],[98.9470398,18.9114389]]]}},{"type":"Feature","id":528019093,"properties":{"id":528019093,"height":9,"base_height":0,"name_th":"วัดเกตการาม","name_en":"Wat Ket Karam","name":"วัดเกตการาม","kind":"temple","kind_value":"buddhist","levels":null,"addr":null},"geometry":{"type":"Polygon","coordinates":[[[99.0028514,18.7924457],[99.0028494,18.7925104],[99.0025385,18.7925019],[99.0025404,18.7924372],[99.0028514,18.7924457]]]}},{"type":"Feature","id":528423948,"properties":{"id":528423948,"height":9,"base_height":0,"name_th":"วัดบ้านท่อ","name_en":"Wat Ban Tho","name":"วัดบ้านท่อ","kind":"temple","kind_value":"buddhist","levels":null,"addr":null},"geometry":{"type":"Polygon","coordinates":[[[98.988791,18.8371698],[98.9888117,18.8370817],[98.9885708,18.8370298],[98.9885501,18.8371211],[98.988791,18.8371698]]]}},{"type":"Feature","id":528426354,"properties":{"id":528426354,"height":9,"base_height":0,"name_th":null,"name_en":"Wat Pa Khoi Tai","name":"วัดป่าข่อยใต้","kind":"temple","kind_value":"buddhist","levels":null,"addr":null},"geometry":{"type":"Polygon","coordinates":[[[98.9839926,18.8631014],[98.9839654,18.8631993],[98.984213,18.863261],[98.9842402,18.863163],[98.9839926,18.8631014]]]}},{"type":"Feature","id":532204498,"properties":{"id":532204498,"height":9,"base_height":0,"name_th":"วัดหนองช้างคืน","name_en":"Wat Nong Chang Khuen","name":"วัดหนองช้างคืน","kind":"temple","kind_value":"buddhist","levels":null,"addr":null},"geometry":{"type":"Polygon","coordinates":[[[99.0171938,18.6527511],[99.0174486,18.6526951],[99.0174219,18.6525862],[99.0171671,18.6526421],[99.0171938,18.6527511]]]}},{"type":"Feature","id":532900628,"properties":{"id":532900628,"height":9,"base_height":0,"name_th":"วัดวรเวทย์วิสิษฐ์","name_en":"Wat Won Wet Wi Sit","name":"วัดวรเวทย์วิสิษฐ์","kind":"temple","kind_value":"buddhist","levels":null,"addr":null},"geometry":{"type":"Polygon","coordinates":[[[98.9599273,18.6920964],[98.9599155,18.6920235],[98.9597666,18.6920451],[98.9597784,18.692118],[98.9599273,18.6920964]]]}},{"type":"Feature","id":535164570,"properties":{"id":535164570,"height":9,"base_height":0,"name_th":"วัดป่างิ้ว (ครูบาทันใจ)","name_en":"Wat Pa Ngio (Khru Ba Thanchai)","name":"วัดป่างิ้ว (ครูบาทันใจ)","kind":"temple","kind_value":"buddhist","levels":null,"addr":null},"geometry":{"type":"Polygon","coordinates":[[[98.9880744,18.7194223],[98.9883104,18.7193956],[98.988296,18.7192817],[98.98806,18.7193084],[98.9880744,18.7194223]]]}},{"type":"Feature","id":535164583,"properties":{"id":535164583,"height":9,"base_height":0,"name_th":"วัดวังสิงห์คำ","name_en":"Wat Wang Sing Kham","name":"วัดวังสิงห์คำ","kind":"temple","kind_value":"buddhist","levels":null,"addr":null},"geometry":{"type":"Polygon","coordinates":[[[98.9850361,18.7062686],[98.9852426,18.706233],[98.9852275,18.7061539],[98.9850209,18.7061894],[98.9850361,18.7062686]]]}},{"type":"Feature","id":539109270,"properties":{"id":539109270,"height":9,"base_height":0,"name_th":null,"name_en":"Wat Hua Lim","name":"วัดหัวหลิม","kind":"temple","kind_value":"buddhist","levels":null,"addr":null},"geometry":{"type":"Polygon","coordinates":[[[99.0045431,18.6799461],[99.0046183,18.6798941],[99.0046973,18.6797098],[99.0047751,18.6793744],[99.0042937,18.6793134],[99.0043661,18.6799283],[99.0045431,18.6799461]]]}},{"type":"Feature","id":539805739,"properties":{"id":539805739,"height":9,"base_height":0,"name_th":null,"name_en":"Wat Sa Kaew","name":null,"kind":"temple","kind_value":"buddhist","levels":null,"addr":null},"geometry":{"type":"Polygon","coordinates":[[[98.9596872,18.6606315],[98.9597048,18.6607096],[98.9598805,18.660674],[98.9598629,18.6605959],[98.9596872,18.6606315]]]}},{"type":"Feature","id":546224311,"properties":{"id":546224311,"height":9,"base_height":0,"name_th":"วัดอุทุมพราราม","name_en":"Wat U Thum Phra Ram","name":"วัดอุทุมพราราม","kind":"temple","kind_value":"buddhist","levels":null,"addr":null},"geometry":{"type":"Polygon","coordinates":[[[98.9865455,18.656408],[98.9867601,18.6563572],[98.9867333,18.6562555],[98.9865187,18.6563063],[98.9865455,18.656408]]]}},{"type":"Feature","id":546325813,"properties":{"id":546325813,"height":9,"base_height":0,"name_th":"วัดบ่าเดือ","name_en":"Wat Pha Deua","name":"วัดบ่าเดือ","kind":"temple","kind_value":"buddhist","levels":null,"addr":null},"geometry":{"type":"Polygon","coordinates":[[[98.9845892,18.6799183],[98.984822,18.6797718],[98.984754,18.6796748],[98.9845211,18.6798213],[98.9845892,18.6799183]]]}},{"type":"Feature","id":546325862,"properties":{"id":546325862,"height":9,"base_height":0,"name_th":"วัดขัวมุง","name_en":"Wat Khua Mung","name":"วัดขัวมุง","kind":"temple","kind_value":"buddhist","levels":null,"addr":null},"geometry":{"type":"Polygon","coordinates":[[[98.9853127,18.6713493],[98.9853406,18.6712414],[98.985116,18.6711892],[98.9850881,18.671297],[98.9853127,18.6713493]]]}},{"type":"Feature","id":547918298,"properties":{"id":547918298,"height":9,"base_height":0,"name_th":"วัดป่ายาง","name_en":"Wat Payang","name":"วัดป่ายาง","kind":"temple","kind_value":"buddhist","levels":null,"addr":null},"geometry":{"type":"Polygon","coordinates":[[[99.1356388,18.668861],[99.135848,18.6687899],[99.1358096,18.6686887],[99.1356004,18.6687598],[99.1356388,18.668861]]]}},{"type":"Feature","id":549440188,"properties":{"id":549440188,"height":9,"base_height":0,"name_th":"วัดศรีดอนไชย","name_en":"Wat Si Don Chai","name":"วัดศรีดอนไชย","kind":"temple","kind_value":"buddhist","levels":null,"addr":null},"geometry":{"type":"Polygon","coordinates":[[[98.9694108,18.6519959],[98.9696532,18.6519043],[98.9696066,18.6517936],[98.9693642,18.6518852],[98.9694108,18.6519959]]]}},{"type":"Feature","id":551371564,"properties":{"id":551371564,"height":9,"base_height":0,"name_th":"วัดศรีประดิษฐ์ (ป่าคา)","name_en":"Wat Si Pradit","name":"วัดศรีประดิษฐ์ (ป่าคา)","kind":"temple","kind_value":"buddhist","levels":null,"addr":null},"geometry":{"type":"Polygon","coordinates":[[[99.1381452,18.8639933],[99.1383142,18.8642497],[99.1382203,18.8646659],[99.13752,18.8647274],[99.1374607,18.864031],[99.1375923,18.8640367],[99.1377985,18.8640768],[99.1380459,18.8640365],[99.1381452,18.8639933]]]}},{"type":"Feature","id":553253715,"properties":{"id":553253715,"height":9,"base_height":0,"name_th":"วัดหนองสี่แจ่ง","name_en":"Wat Nong Si Chaeng","name":"วัดหนองสี่แจ่ง","kind":"temple","kind_value":"buddhist","levels":null,"addr":null},"geometry":{"type":"Polygon","coordinates":[[[99.028919,18.6800071],[99.0291765,18.6799233],[99.029133,18.6798032],[99.0288755,18.679887],[99.028919,18.6800071]]]}},{"type":"Feature","id":563172842,"properties":{"id":563172842,"height":9,"base_height":0,"name_th":"วัดร่ำเปิง (ตโปทาราม)","name_en":"Wat Ram Poeng (Tapotaram)","name":"วัดร่ำเปิง (ตโปทาราม)","kind":"temple","kind_value":"buddhist","levels":null,"addr":null},"geometry":{"type":"Polygon","coordinates":[[[98.9494197,18.7753713],[98.9486149,18.7755472],[98.9479953,18.7754786],[98.9477378,18.7744247],[98.9490467,18.7741936],[98.9494197,18.7753713]]]}},{"type":"Feature","id":573050220,"properties":{"id":573050220,"height":9,"base_height":0,"name_th":"วัดหัวดง","name_en":"Wat Hua Dong","name":"วัดหัวดง","kind":"temple","kind_value":"buddhist","levels":null,"addr":null},"geometry":{"type":"Polygon","coordinates":[[[98.9736468,18.6660823],[98.9739016,18.666029],[98.9738756,18.6659178],[98.9736208,18.6659712],[98.9736468,18.6660823]]]}},{"type":"Feature","id":574224715,"properties":{"id":574224715,"height":9,"base_height":0,"name_th":null,"name_en":"Wat Chai Stan","name":null,"kind":"temple","kind_value":"buddhist","levels":null,"addr":null},"geometry":{"type":"Polygon","coordinates":[[[98.9726557,18.6768665],[98.9728515,18.6767801],[98.9728097,18.676695],[98.9726139,18.6767814],[98.9726557,18.6768665]]]}},{"type":"Feature","id":574726985,"properties":{"id":574726985,"height":9,"base_height":0,"name_th":null,"name_en":"Hang Dong Grace Church","name":null,"kind":"temple","kind_value":"christian","levels":null,"addr":null},"geometry":{"type":"Polygon","coordinates":[[[98.9673851,18.6814897],[98.9674528,18.681576],[98.9676151,18.6814616],[98.9675474,18.6813754],[98.9673851,18.6814897]]]}},{"type":"Feature","id":574726989,"properties":{"id":574726989,"height":9,"base_height":0,"name_th":"วัดวังสิงห์คำ","name_en":"Wat Wang Sing Kham","name":"วัดวังสิงห์คำ","kind":"temple","kind_value":"buddhist","levels":null,"addr":null},"geometry":{"type":"Polygon","coordinates":[[[98.9829982,18.7029386],[98.9832343,18.702983],[98.9832554,18.7028824],[98.9830194,18.7028379],[98.9829982,18.7029386]]]}},{"type":"Feature","id":574902393,"properties":{"id":574902393,"height":9,"base_height":0,"name_th":"วัดจันทราวาส","name_en":"Wat Chan Thra Wat","name":"วัดจันทราวาส","kind":"temple","kind_value":"buddhist","levels":null,"addr":null},"geometry":{"type":"Polygon","coordinates":[[[98.9634597,18.66509],[98.9635022,18.6652028],[98.9637839,18.6651075],[98.9637414,18.6649947],[98.9634597,18.66509]]]}},{"type":"Feature","id":576783182,"properties":{"id":576783182,"height":9,"base_height":0,"name_th":null,"name_en":"Wat Chang Kian","name":"วัดช่างเคี่ยน","kind":"temple","kind_value":"buddhist","levels":null,"addr":null},"geometry":{"type":"Polygon","coordinates":[[[98.9603641,18.8084553],[98.9602876,18.8083018],[98.9604717,18.8082197],[98.9605185,18.8083136],[98.9605635,18.8082935],[98.9605932,18.808353],[98.9603641,18.8084553]]]}},{"type":"Feature","id":576987473,"properties":{"id":576987473,"height":9,"base_height":0,"name_th":"คริสตจักรสิริพระพร","name_en":"Siri Phra Phon Christian Church","name":"คริสตจักรสิริพระพร","kind":"temple","kind_value":"christian","levels":null,"addr":null},"geometry":{"type":"Polygon","coordinates":[[[99.0157333,18.7145505],[99.0158567,18.7144978],[99.0158274,18.7144363],[99.0158939,18.7144079],[99.0158652,18.7143476],[99.0156753,18.7144288],[99.0157333,18.7145505]]]}},{"type":"Feature","id":576987477,"properties":{"id":576987477,"height":9,"base_height":0,"name_th":null,"name_en":null,"name":null,"kind":"temple","kind_value":"christian","levels":null,"addr":null},"geometry":{"type":"Polygon","coordinates":[[[99.0148951,18.7065512],[99.0148548,18.7063022],[99.0147359,18.7063195],[99.0147761,18.7065684],[99.0148951,18.7065512]]]}},{"type":"Feature","id":577423794,"properties":{"id":577423794,"height":9,"base_height":0,"name_th":"วัดหนองแฝก","name_en":"Wat Nong Faek","name":"วัดหนองแฝก","kind":"temple","kind_value":"buddhist","levels":null,"addr":null},"geometry":{"type":"Polygon","coordinates":[[[99.0206632,18.6939308],[99.0206765,18.6940424],[99.0209621,18.6940119],[99.0209489,18.6939003],[99.0206632,18.6939308]]]}},{"type":"Feature","id":578867504,"properties":{"id":578867504,"height":9,"base_height":0,"name_th":"วัดควรค่าม้า","name_en":"Wat Khuan Kama","name":"วัดควรค่าม้า","kind":"temple","kind_value":"buddhist","levels":null,"addr":null},"geometry":{"type":"Polygon","coordinates":[[[98.9833204,18.7950862],[98.983331,18.7951519],[98.9833805,18.79537],[98.9833902,18.7954039],[98.9840992,18.7953769],[98.9840707,18.7949825],[98.98406,18.794956],[98.984051,18.7949457],[98.9840236,18.794938],[98.983418,18.7950089],[98.9833697,18.7950145],[98.9833261,18.7950398],[98.9833204,18.7950862]]]}},{"type":"Feature","id":579078411,"properties":{"id":579078411,"height":9,"base_height":0,"name_th":null,"name_en":null,"name":null,"kind":"temple","kind_value":"unknown","levels":null,"addr":null},"geometry":{"type":"Polygon","coordinates":[[[98.9791401,18.7810251],[98.9792698,18.7810165],[98.9792531,18.7808241],[98.9791218,18.780838],[98.9791401,18.7810251]]]}},{"type":"Feature","id":585950777,"properties":{"id":585950777,"height":9,"base_height":0,"name_th":null,"name_en":null,"name":null,"kind":"temple","kind_value":"buddhist","levels":null,"addr":null},"geometry":{"type":"Polygon","coordinates":[[[98.9959186,18.7541011],[98.995885,18.7540313],[98.9960554,18.7539729],[98.9960849,18.7540465],[98.9959186,18.7541011]]]}},{"type":"Feature","id":594290245,"properties":{"id":594290245,"height":9,"base_height":0,"name_th":"วัดกองทราย","name_en":"Wat Kong Sai","name":"วัดกองทราย","kind":"temple","kind_value":"buddhist","levels":null,"addr":null},"geometry":{"type":"Polygon","coordinates":[[[99.0206351,18.7306939],[99.0199787,18.7304515],[99.0196716,18.7303974],[99.0194308,18.7303888],[99.0194489,18.7302719],[99.0196506,18.7300039],[99.0199366,18.7296903],[99.0199848,18.7296218],[99.0202286,18.7292483],[99.0205869,18.7293253],[99.0205447,18.7295876],[99.0211876,18.7296523],[99.0211648,18.7297954],[99.0211098,18.7298957],[99.020891,18.7301864],[99.0206351,18.7306939]]]}},{"type":"Feature","id":613595849,"properties":{"id":613595849,"height":9,"base_height":0,"name_th":null,"name_en":null,"name":null,"kind":"temple","kind_value":"unknown","levels":null,"addr":null},"geometry":{"type":"Polygon","coordinates":[[[99.1816706,18.7205295],[99.1817306,18.7206768],[99.1820645,18.7207482],[99.182248,18.7205494],[99.1824275,18.7198185],[99.181607,18.7196527],[99.181295,18.7197358],[99.1812417,18.7198182],[99.1812203,18.7200164],[99.1813167,18.7202225],[99.1816706,18.7205295]]]}},{"type":"Feature","id":625237426,"properties":{"id":625237426,"height":9,"base_height":0,"name_th":"วัดอุโมงค์","name_en":"Wat Umong","name":"วัดอุโมงค์","kind":"temple","kind_value":"buddhist","levels":null,"addr":null},"geometry":{"type":"Polygon","coordinates":[[[99.0341091,18.6659261],[99.0343599,18.6658854],[99.034342,18.6657859],[99.0340912,18.6658266],[99.0341091,18.6659261]]]}},{"type":"Feature","id":634874790,"properties":{"id":634874790,"height":9,"base_height":0,"name_th":null,"name_en":null,"name":null,"kind":"temple","kind_value":"buddhist","levels":null,"addr":null},"geometry":{"type":"Polygon","coordinates":[[[98.9339399,18.80076],[98.9339843,18.8008506],[98.9340938,18.8008026],[98.9340493,18.8007119],[98.9339399,18.80076]]]}},{"type":"Feature","id":639996818,"properties":{"id":639996818,"height":9,"base_height":0,"name_th":null,"name_en":"Wat Det Dam Rong","name":"วัดเดชดำรงค์","kind":"temple","kind_value":"buddhist","levels":null,"addr":null},"geometry":{"type":"Polygon","coordinates":[[[98.9585392,18.67313],[98.9586948,18.673055],[98.9586406,18.6729541],[98.9584851,18.6730291],[98.9585392,18.67313]]]}},{"type":"Feature","id":642809004,"properties":{"id":642809004,"height":9,"base_height":0,"name_th":"วัดร้องยาว","name_en":"Wat Rong Yao","name":"วัดร้องยาว","kind":"temple","kind_value":"buddhist","levels":null,"addr":null},"geometry":{"type":"Polygon","coordinates":[[[99.0143642,18.7189049],[99.013773,18.718931],[99.0136388,18.7189451],[99.0135983,18.7185764],[99.0136474,18.7185717],[99.0139942,18.7185386],[99.0145558,18.7184849],[99.0147141,18.7188736],[99.0143642,18.7189049]]]}},{"type":"Feature","id":647614963,"properties":{"id":647614963,"height":9,"base_height":0,"name_th":null,"name_en":null,"name":"ศาลเจ้าแม่ทับทิม (ศาลเจ้าแม่)","kind":"temple","kind_value":"unknown","levels":null,"addr":"Nong Han, San Sai District"},"geometry":{"type":"Polygon","coordinates":[[[99.0096833,18.8955638],[99.0097799,18.8956095],[99.0098335,18.8955232],[99.0097316,18.8954725],[99.0096833,18.8955638]]]}},{"type":"Feature","id":650572878,"properties":{"id":650572878,"height":9,"base_height":0,"name_th":"วัดเอรัณ","name_en":"Wat E Ran","name":"วัดเอรัณ","kind":"temple","kind_value":"buddhist","levels":null,"addr":null},"geometry":{"type":"Polygon","coordinates":[[[98.8998921,18.6928193],[98.8999051,18.6930027],[98.8999083,18.6930796],[98.8999611,18.6935494],[98.8999863,18.6938533],[98.8995318,18.6939222],[98.8991805,18.6931596],[98.899162,18.6931176],[98.8990374,18.6928685],[98.8998109,18.6928245],[98.8998921,18.6928193]]]}},{"type":"Feature","id":650578999,"properties":{"id":650578999,"height":9,"base_height":0,"name_th":"วัดห้วยส้ม","name_en":"Wat Huai Som","name":"วัดห้วยส้ม","kind":"temple","kind_value":"buddhist","levels":null,"addr":null},"geometry":{"type":"Polygon","coordinates":[[[98.8695651,18.6584927],[98.8695896,18.6584073],[98.8693845,18.6583543],[98.8693599,18.6584398],[98.8695651,18.6584927]]]}},{"type":"Feature","id":650706596,"properties":{"id":650706596,"height":9,"base_height":0,"name_th":"วัดอู่ทรายคำ","name_en":"Wat Ou Sai Kham","name":"วัดอู่ทรายคำ","kind":"temple","kind_value":"buddhist","levels":null,"addr":null},"geometry":{"type":"Polygon","coordinates":[[[98.994784,18.7893528],[98.9948694,18.7895796],[98.9944796,18.7896941],[98.9943808,18.7894609],[98.994784,18.7893528]]]}},{"type":"Feature","id":653545558,"properties":{"id":653545558,"height":9,"base_height":0,"name_th":"วัดศรีปิงเมือง","name_en":"Wat Si Ping Mueang","name":"วัดศรีปิงเมือง","kind":"temple","kind_value":"buddhist","levels":null,"addr":null},"geometry":{"type":"Polygon","coordinates":[[[98.9822687,18.7710579],[98.9821674,18.7714891],[98.9827048,18.7716343],[98.9830232,18.7712071],[98.9826653,18.7711065],[98.9822687,18.7710579]]]}},{"type":"Feature","id":655352968,"properties":{"id":655352968,"height":9,"base_height":0,"name_th":"วัดธรรมประดิษฐ์สถาน","name_en":"Wat Tham Pradit Sathan","name":"วัดธรรมประดิษฐ์สถาน","kind":"temple","kind_value":"buddhist","levels":null,"addr":null},"geometry":{"type":"Polygon","coordinates":[[[98.9639251,18.6873375],[98.9638191,18.6868827],[98.9636946,18.6869087],[98.963726,18.6870439],[98.9636299,18.687064],[98.9636713,18.6872416],[98.9637674,18.6872215],[98.9638005,18.6873635],[98.9639251,18.6873375]]]}},{"type":"Feature","id":655352975,"properties":{"id":655352975,"height":9,"base_height":0,"name_th":null,"name_en":"Wat Thon Kaew","name":"วัดต้นแก้ว","kind":"temple","kind_value":"buddhist","levels":null,"addr":null},"geometry":{"type":"Polygon","coordinates":[[[98.9532767,18.6809741],[98.9530975,18.6810282],[98.9530668,18.6809369],[98.953246,18.6808828],[98.9532767,18.6809741]]]}},{"type":"Feature","id":657099313,"properties":{"id":657099313,"height":9,"base_height":0,"name_th":"วัดมหาวนาภิมุข","name_en":"Wat Man Na Ha Wan Pi Mook","name":"วัดมหาวนาภิมุข","kind":"temple","kind_value":"buddhist","levels":null,"addr":null},"geometry":{"type":"Polygon","coordinates":[[[99.1272224,18.8091494],[99.1266057,18.80921],[99.1258922,18.8090729],[99.1256723,18.8099108],[99.1253933,18.8105049],[99.1264761,18.8102806],[99.1266486,18.810642],[99.126957,18.8106513],[99.1271846,18.8105797],[99.1270782,18.8098777],[99.1272899,18.8099114],[99.1273079,18.8096844],[99.127272,18.8094957],[99.1273461,18.8093373],[99.1272224,18.8091494]]]}},{"type":"Feature","id":665826690,"properties":{"id":665826690,"height":9,"base_height":0,"name_th":"วัดกู่เต้า","name_en":"Wat Ku Tao","name":"วัดกู่เต้า","kind":"temple","kind_value":"buddhist","levels":null,"addr":"Ku Tao Road"},"geometry":{"type":"Polygon","coordinates":[[[98.9880489,18.8021861],[98.9881243,18.802944],[98.9892026,18.8029428],[98.9892237,18.8022813],[98.9880489,18.8021861]]]}},{"type":"Feature","id":667451597,"properties":{"id":667451597,"height":9,"base_height":0,"name_th":null,"name_en":null,"name":"อาราม ม่อนภาวนา","kind":"temple","kind_value":"unknown","levels":null,"addr":null},"geometry":{"type":"Polygon","coordinates":[[[99.1786114,18.815536],[99.1790888,18.8152656],[99.1789471,18.8148892],[99.1786323,18.8150173],[99.1784958,18.8150876],[99.1783287,18.8151976],[99.1786114,18.815536]]]}},{"type":"Feature","id":668009041,"properties":{"id":668009041,"height":9,"base_height":0,"name_th":null,"name_en":null,"name":null,"kind":"temple","kind_value":"buddhist","levels":null,"addr":null},"geometry":{"type":"Polygon","coordinates":[[[98.9859327,18.7518141],[98.9861688,18.7517259],[98.9861255,18.751622],[98.9858894,18.7517101],[98.9859327,18.7518141]]]}},{"type":"Feature","id":668017064,"properties":{"id":668017064,"height":9,"base_height":0,"name_th":null,"name_en":null,"name":"City Gate Church","kind":"temple","kind_value":"christian","levels":null,"addr":null},"geometry":{"type":"Polygon","coordinates":[[[98.9733934,18.8151809],[98.9734021,18.815394],[98.9732428,18.8153999],[98.9732341,18.8151868],[98.9733934,18.8151809]]]}},{"type":"Feature","id":668806316,"properties":{"id":668806316,"height":9,"base_height":0,"name_th":"วัดยางกวง","name_en":"Wat Yang Kuang","name":"วัดยางกวง","kind":"temple","kind_value":"buddhist","levels":null,"addr":null},"geometry":{"type":"Polygon","coordinates":[[[98.9888638,18.7761807],[98.9888499,18.7758571],[98.9888437,18.775703],[98.9888822,18.7755318],[98.9888921,18.7754877],[98.9888026,18.7754735],[98.9888152,18.7754098],[98.9890029,18.775443],[98.9892212,18.7754813],[98.9892971,18.7754945],[98.9893648,18.7755062],[98.989273,18.7759407],[98.9892164,18.7762089],[98.9888638,18.7761807]]]}},{"type":"Feature","id":672078703,"properties":{"id":672078703,"height":9,"base_height":0,"name_th":null,"name_en":"Wat Doi Du Kham","name":null,"kind":"temple","kind_value":"buddhist","levels":null,"addr":null},"geometry":{"type":"Polygon","coordinates":[[[98.8742983,18.6876374],[98.874714,18.6874824],[98.8748186,18.6877187],[98.8743814,18.687889],[98.8742983,18.6876374]]]}},{"type":"Feature","id":672587608,"properties":{"id":672587608,"height":9,"base_height":0,"name_th":"มูลนธิกวนอิมธรรมทาน","name_en":"Guan Im Chinese Temple","name":"มูลนธิกวนอิมธรรมทาน","kind":"temple","kind_value":"unknown","levels":null,"addr":null},"geometry":{"type":"Polygon","coordinates":[[[98.9968115,18.7997046],[98.9966889,18.7994359],[98.9969948,18.7993108],[98.9971174,18.7995795],[98.9968115,18.7997046]]]}},{"type":"Feature","id":674030767,"properties":{"id":674030767,"height":9,"base_height":0,"name_th":"วัดกุมกประดิษฐ์(บ้านหม้อ)","name_en":"Wat Ku Mok Pradit (Ban Mo)","name":"วัดกุมกประดิษฐ์(บ้านหม้อ)","kind":"temple","kind_value":"buddhist","levels":null,"addr":null},"geometry":{"type":"Polygon","coordinates":[[[98.9417797,18.9356419],[98.9422477,18.9364081],[98.9412335,18.9369117],[98.9410535,18.9370097],[98.9410264,18.936897],[98.9410015,18.936278],[98.9411691,18.9359332],[98.9417797,18.9356419]]]}},{"type":"Feature","id":675336774,"properties":{"id":675336774,"height":9,"base_height":0,"name_th":"วัดกำแพงงาม","name_en":"Wat Kamphaeng Ngam","name":"วัดกำแพงงาม","kind":"temple","kind_value":"buddhist","levels":null,"addr":null},"geometry":{"type":"Polygon","coordinates":[[[98.920488,18.6875381],[98.9205121,18.6876342],[98.920759,18.6875785],[98.9207349,18.6874825],[98.920488,18.6875381]]]}},{"type":"Feature","id":677587838,"properties":{"id":677587838,"height":9,"base_height":0,"name_th":null,"name_en":null,"name":null,"kind":"temple","kind_value":"unknown","levels":null,"addr":null},"geometry":{"type":"Polygon","coordinates":[[[98.9910339,18.7820408],[98.9910458,18.782041],[98.9910646,18.7820354],[98.9910802,18.7820241],[98.991087,18.7820156],[98.9910941,18.7819982],[98.9910946,18.7819796],[98.9910859,18.7819583],[98.9910725,18.7819447],[98.9910596,18.7819379],[98.9910403,18.7819341],[98.9910257,18.7819354],[98.9910076,18.7819427],[98.9909815,18.7819449],[98.9909782,18.7819678],[98.9909644,18.7819827],[98.9909618,18.7820017],[98.9909738,18.7820151],[98.9909829,18.7820367],[98.990998,18.7820389],[98.9910278,18.7820551],[98.9910335,18.7820509],[98.9910339,18.7820408]]]}},{"type":"Feature","id":678808572,"properties":{"id":678808572,"height":9,"base_height":0,"name_th":null,"name_en":null,"name":null,"kind":"temple","kind_value":"buddhist","levels":null,"addr":null},"geometry":{"type":"Polygon","coordinates":[[[98.9298426,18.7145727],[98.9298542,18.7146475],[98.9300394,18.7146217],[98.9300278,18.7145469],[98.9298426,18.7145727]]]}},{"type":"Feature","id":679357231,"properties":{"id":679357231,"height":9,"base_height":0,"name_th":null,"name_en":"Wat Chang Khoeng","name":"วัดช่างเคิ่ง","kind":"temple","kind_value":"buddhist","levels":null,"addr":null},"geometry":{"type":"Polygon","coordinates":[[[99.0414101,18.6884591],[99.0414069,18.6883579],[99.0411932,18.688364],[99.0411964,18.6884653],[99.0414101,18.6884591]]]}},{"type":"Feature","id":679357240,"properties":{"id":679357240,"height":9,"base_height":0,"name_th":"วัดสารภี","name_en":"Wat Saraphi","name":"วัดสารภี","kind":"temple","kind_value":"buddhist","levels":null,"addr":null},"geometry":{"type":"Polygon","coordinates":[[[99.0430669,18.6882081],[99.0430606,18.6881025],[99.0427826,18.6881175],[99.042789,18.6882231],[99.0430669,18.6882081]]]}},{"type":"Feature","id":682194477,"properties":{"id":682194477,"height":9,"base_height":0,"name_th":"วัดศรีออนใต้","name_en":"Wat Si On Tai","name":"วัดศรีออนใต้","kind":"temple","kind_value":"buddhist","levels":null,"addr":null},"geometry":{"type":"Polygon","coordinates":[[[99.179222,18.7281545],[99.180451,18.7282988],[99.180451,18.7284715],[99.1805985,18.7288551],[99.181143,18.7286646],[99.1812442,18.7286884],[99.1816197,18.7295424],[99.1812174,18.729674],[99.1803303,18.7299499],[99.1794585,18.7287992],[99.1791898,18.7281824],[99.179222,18.7281545]]]}},{"type":"Feature","id":691917810,"properties":{"id":691917810,"height":9,"base_height":0,"name_th":"วัดพระเจ้าเม็งราย","name_en":"Wat Phra Chao Meng Rai","name":"วัดพระเจ้าเม็งราย","kind":"temple","kind_value":"buddhist","levels":null,"addr":null},"geometry":{"type":"Polygon","coordinates":[[[98.9845252,18.7848059],[98.9844367,18.7851792],[98.9843536,18.7855309],[98.9837783,18.7854445],[98.9839017,18.7846688],[98.9845252,18.7848059]]]}},{"type":"Feature","id":691923149,"properties":{"id":691923149,"height":9,"base_height":0,"name_th":null,"name_en":"Wat Inthakhin Sadue Muang","name":"วัดอินทขีลสะดือเมือง","kind":"temple","kind_value":"buddhist","levels":null,"addr":null},"geometry":{"type":"Polygon","coordinates":[[[98.9866871,18.7897706],[98.9866847,18.789289],[98.9873615,18.7892861],[98.9873638,18.7897677],[98.9866871,18.7897706]]]}},{"type":"Feature","id":691941076,"properties":{"id":691941076,"height":9,"base_height":0,"name_th":null,"name_en":"Wat Sam Pao","name":"วัดสำเภา","kind":"temple","kind_value":"buddhist","levels":null,"addr":"ถนนราชภาคินัย 158/2"},"geometry":{"type":"Polygon","coordinates":[[[98.9903446,18.7884891],[98.9903433,18.7880612],[98.9903513,18.7880358],[98.9903661,18.7880257],[98.9908073,18.7879926],[98.9908167,18.7884218],[98.9906879,18.7884396],[98.9906852,18.7884764],[98.9903446,18.7884891]]]}},{"type":"Feature","id":691945180,"properties":{"id":691945180,"height":9,"base_height":0,"name_th":null,"name_en":null,"name":"วัดเมธัง","kind":"temple","kind_value":"buddhist","levels":null,"addr":null},"geometry":{"type":"Polygon","coordinates":[[[98.9785284,18.7857209],[98.9785329,18.7852481],[98.9790083,18.7852522],[98.9790038,18.7857249],[98.9785284,18.7857209]]]}},{"type":"Feature","id":691949313,"properties":{"id":691949313,"height":9,"base_height":0,"name_th":null,"name_en":"Wat Pan Whaen","name":"วัดพันแหวน","kind":"temple","kind_value":"buddhist","levels":null,"addr":null},"geometry":{"type":"Polygon","coordinates":[[[98.985288,18.7832351],[98.9858352,18.7833799],[98.9858727,18.7831894],[98.9862107,18.7831843],[98.9861302,18.7828364],[98.9854543,18.7827653],[98.985288,18.7832351]]]}},{"type":"Feature","id":692137164,"properties":{"id":692137164,"height":9,"base_height":0,"name_th":"วัดโลกโมฬี","name_en":"Wat Lok Molee","name":"วัดโลกโมฬี","kind":"temple","kind_value":"buddhist","levels":null,"addr":null},"geometry":{"type":"Polygon","coordinates":[[[98.9822294,18.7959309],[98.9828261,18.7959092],[98.9828664,18.7965175],[98.9828862,18.7965163],[98.9829088,18.7968059],[98.9828812,18.7968999],[98.9825028,18.796921],[98.9824702,18.7967131],[98.9823521,18.7967314],[98.9823112,18.7965244],[98.9822616,18.7964285],[98.9822294,18.7959309]]]}},{"type":"Feature","id":692137169,"properties":{"id":692137169,"height":9,"base_height":0,"name_th":null,"name_en":"Wat Santi Tham","name":"วัดสันติธรรม","kind":"temple","kind_value":"buddhist","levels":null,"addr":null},"geometry":{"type":"Polygon","coordinates":[[[98.9808098,18.7993067],[98.979179,18.8000532],[98.9792354,18.800175],[98.9787392,18.8004137],[98.9784978,18.7997942],[98.9797744,18.7993775],[98.9798916,18.7993887],[98.9806945,18.7990451],[98.9808098,18.7993067]]]}},{"type":"Feature","id":692140717,"properties":{"id":692140717,"height":9,"base_height":0,"name_th":null,"name_en":null,"name":"วัดปันเส่า","kind":"temple","kind_value":"buddhist","levels":null,"addr":null},"geometry":{"type":"Polygon","coordinates":[[[98.9768521,18.7918588],[98.977981,18.7919186],[98.9780102,18.7925154],[98.9773787,18.792526],[98.9773782,18.7923904],[98.9767714,18.7923749],[98.9768198,18.7922723],[98.9768521,18.7918588]]]}},{"type":"Feature","id":692140719,"properties":{"id":692140719,"height":9,"base_height":0,"name_th":"วัดปันเสา(พันเสา)","name_en":"Wat Pan Sao","name":"วัดปันเสา(พันเสา)","kind":"temple","kind_value":"buddhist","levels":null,"addr":null},"geometry":{"type":"Polygon","coordinates":[[[98.977533,18.7922153],[98.9775325,18.792148],[98.9776747,18.7921471],[98.9776751,18.7922144],[98.977533,18.7922153]]]}},{"type":"Feature","id":692146706,"properties":{"id":692146706,"height":9,"base_height":0,"name_th":null,"name_en":null,"name":"วัดหนองคำ","kind":"temple","kind_value":"buddhist","levels":null,"addr":null},"geometry":{"type":"Polygon","coordinates":[[[98.9970923,18.7902209],[98.9970226,18.7903225],[98.9965317,18.7907999],[98.9960462,18.7907135],[98.9958907,18.7902742],[98.9960704,18.7901498],[98.9960757,18.7900762],[98.9962152,18.7900711],[98.9962286,18.7899797],[98.9964566,18.7899238],[98.9966068,18.7899695],[98.9965934,18.7900305],[98.9967007,18.7900584],[98.9967973,18.7900736],[98.9970923,18.7902209]]]}},{"type":"Feature","id":692677756,"properties":{"id":692677756,"height":9,"base_height":0,"name_th":null,"name_en":"Wat Pa Phrao Nok","name":"วัดป่าพร้าวนอก","kind":"temple","kind_value":"buddhist","levels":null,"addr":null},"geometry":{"type":"Polygon","coordinates":[[[98.996733,18.7635794],[98.9963172,18.7630816],[98.9964916,18.7629013],[98.9972506,18.7625457],[98.9974786,18.762947],[98.996733,18.7635794]]]}},{"type":"Feature","id":692682522,"properties":{"id":692682522,"height":9,"base_height":0,"name_th":null,"name_en":"Wat Puak Pia","name":"วัดพวกเปีย","kind":"temple","kind_value":"buddhist","levels":null,"addr":"ถนนทิพเนตร 50"},"geometry":{"type":"Polygon","coordinates":[[[98.9811472,18.7796177],[98.9803311,18.7796577],[98.9802574,18.77911],[98.9805053,18.7791059],[98.9810962,18.7790914],[98.9811472,18.7796177]]]}},{"type":"Feature","id":692686707,"properties":{"id":692686707,"height":9,"base_height":0,"name_th":null,"name_en":"Wat Tha Srikhong","name":"วัดศรีโขง","kind":"temple","kind_value":"buddhist","levels":null,"addr":null},"geometry":{"type":"Polygon","coordinates":[[[99.0012993,18.7961788],[99.0009774,18.7960722],[99.0008406,18.7959681],[99.0007629,18.795836],[99.0007575,18.7957522],[99.0015192,18.7956583],[99.0015514,18.7958894],[99.0015166,18.7960188],[99.0013798,18.7961687],[99.0012993,18.7961788]]]}},{"type":"Feature","id":695790006,"properties":{"id":695790006,"height":9,"base_height":0,"name_th":null,"name_en":null,"name":"วัดพันอ้น","kind":"temple","kind_value":"buddhist","levels":null,"addr":null},"geometry":{"type":"Polygon","coordinates":[[[98.9902979,18.7879677],[98.9903354,18.7872744],[98.9908236,18.7872033],[98.9908317,18.7872947],[98.9912125,18.7872643],[98.9913006,18.7879078],[98.9902979,18.7879677]]]}},{"type":"Feature","id":700635985,"properties":{"id":700635985,"height":9,"base_height":0,"name_th":null,"name_en":null,"name":"สุสานปิงห่าง","kind":"temple","kind_value":"buddhist","levels":null,"addr":null},"geometry":{"type":"Polygon","coordinates":[[[99.0423212,18.6868357],[99.0427602,18.6869463],[99.0430684,18.6860084],[99.0423773,18.6858802],[99.0423679,18.6859377],[99.0423539,18.6865482],[99.0423212,18.6868357]]]}},{"type":"Feature","id":712590405,"properties":{"id":712590405,"height":9,"base_height":0,"name_th":null,"name_en":"Hinduism god place","name":"ศาลพระภูมิ","kind":"temple","kind_value":"unknown","levels":null,"addr":null},"geometry":{"type":"Polygon","coordinates":[[[99.0006497,18.6813425],[99.0006609,18.6813095],[99.000735,18.6813321],[99.0007238,18.6813651],[99.0006497,18.6813425]]]}},{"type":"Feature","id":723794114,"properties":{"id":723794114,"height":9,"base_height":0,"name_th":null,"name_en":"Rai Stisumpanna","name":null,"kind":"temple","kind_value":"buddhist","levels":null,"addr":null},"geometry":{"type":"Polygon","coordinates":[[[98.8522071,18.7138462],[98.8523358,18.7138462],[98.8523358,18.7136506],[98.8522071,18.7136506],[98.8522071,18.7138462]]]}},{"type":"Feature","id":733783649,"properties":{"id":733783649,"height":9,"base_height":0,"name_th":"วัดทรายมูล","name_en":"Wat Sai Mun","name":"วัดทรายมูล","kind":"temple","kind_value":"buddhist","levels":null,"addr":null},"geometry":{"type":"Polygon","coordinates":[[[99.1282579,18.7409883],[99.1286924,18.7411432],[99.1284188,18.7418493],[99.1276437,18.7417909],[99.1276678,18.7412245],[99.127877,18.7411788],[99.1282579,18.7409883]]]}},{"type":"Feature","id":742163761,"properties":{"id":742163761,"height":9,"base_height":0,"name_th":null,"name_en":null,"name":"Wat Mae Raem","kind":"temple","kind_value":"buddhist","levels":null,"addr":null},"geometry":{"type":"Polygon","coordinates":[[[98.9084914,18.926566],[98.9084991,18.9270813],[98.9089819,18.927057],[98.9090135,18.9265468],[98.9088752,18.9264934],[98.9088308,18.9265803],[98.9084914,18.926566]]]}},{"type":"Feature","id":742186812,"properties":{"id":742186812,"height":9,"base_height":0,"name_th":null,"name_en":"Stupa","name":null,"kind":"temple","kind_value":"unknown","levels":null,"addr":null},"geometry":{"type":"Polygon","coordinates":[[[99.1726249,18.7509265],[99.1727226,18.7509217],[99.1727183,18.7508429],[99.1726206,18.7508477],[99.1726249,18.7509265]]]}},{"type":"Feature","id":742186813,"properties":{"id":742186813,"height":9,"base_height":0,"name_th":null,"name_en":null,"name":null,"kind":"temple","kind_value":"unknown","levels":null,"addr":null},"geometry":{"type":"Polygon","coordinates":[[[99.1727164,18.7511343],[99.172931,18.7511267],[99.1729257,18.7510531],[99.1727111,18.7510632],[99.1727164,18.7511343]]]}},{"type":"Feature","id":742755533,"properties":{"id":742755533,"height":9,"base_height":0,"name_th":"วัดสว่างบรรเทิง","name_en":"Wat Sawang Ban Thoeng","name":"วัดสว่างบรรเทิง","kind":"temple","kind_value":"buddhist","levels":null,"addr":null},"geometry":{"type":"Polygon","coordinates":[[[98.9525932,18.8925687],[98.9528249,18.8926254],[98.9528508,18.8925306],[98.9526191,18.8924739],[98.9525932,18.8925687]]]}},{"type":"Feature","id":746949625,"properties":{"id":746949625,"height":9,"base_height":0,"name_th":"วัดแม่หยวก","name_en":"Wat Mae Yuak","name":"วัดแม่หยวก","kind":"temple","kind_value":"buddhist","levels":null,"addr":null},"geometry":{"type":"Polygon","coordinates":[[[98.9769583,18.838214],[98.9769502,18.8381485],[98.9771897,18.8381218],[98.9771978,18.8381874],[98.9769583,18.838214]]]}},{"type":"Feature","id":749320828,"properties":{"id":749320828,"height":9,"base_height":0,"name_th":null,"name_en":"Buddha Dhamma Nonghor Monastery","name":"ที่พักสงฆ์พุทธรรมหนองฮ่อ","kind":"temple","kind_value":"buddhist","levels":null,"addr":null},"geometry":{"type":"Polygon","coordinates":[[[98.9530087,18.827846],[98.95206,18.8274287],[98.9505915,18.8282056],[98.9510649,18.8294483],[98.9525887,18.8290271],[98.9526045,18.8287717],[98.9526449,18.8286544],[98.9527329,18.8286137],[98.9529049,18.8285738],[98.9531513,18.8285307],[98.9531399,18.8280598],[98.9529412,18.8280418],[98.952896,18.827959],[98.9530087,18.827846]]]}},{"type":"Feature","id":756152028,"properties":{"id":756152028,"height":9,"base_height":0,"name_th":null,"name_en":null,"name":null,"kind":"temple","kind_value":"unknown","levels":null,"addr":null},"geometry":{"type":"Polygon","coordinates":[[[99.1246107,18.7939721],[99.1250345,18.7937716],[99.1252437,18.7940179],[99.1254315,18.7943911],[99.1250828,18.79464],[99.1247234,18.7941931],[99.1246107,18.7939721]]]}},{"type":"Feature","id":756152047,"properties":{"id":756152047,"height":9,"base_height":0,"name_th":null,"name_en":null,"name":"St. Andrew's Church Chiangmai","kind":"temple","kind_value":"christian","levels":null,"addr":"Moo 1, Soi Angket Tambon Nong Pakhrang 101"},"geometry":{"type":"Polygon","coordinates":[[[99.0293383,18.7913779],[99.0294103,18.7913905],[99.0294372,18.791214],[99.0293795,18.7911982],[99.0293383,18.7913779]]]}},{"type":"Feature","id":758721499,"properties":{"id":758721499,"height":9,"base_height":0,"name_th":null,"name_en":null,"name":null,"kind":"temple","kind_value":"buddhist","levels":null,"addr":null},"geometry":{"type":"Polygon","coordinates":[[[98.9547873,18.9009154],[98.9548076,18.9009939],[98.9549901,18.9009516],[98.9549698,18.9008732],[98.9547873,18.9009154]]]}},{"type":"Feature","id":761149887,"properties":{"id":761149887,"height":9,"base_height":0,"name_th":null,"name_en":"Wat Khua Sung","name":"วัดขัวสูง","kind":"temple","kind_value":"buddhist","levels":null,"addr":null},"geometry":{"type":"Polygon","coordinates":[[[99.0840181,18.8824096],[99.0840772,18.8824846],[99.0841523,18.8828773],[99.0843021,18.8829197],[99.0844743,18.8827643],[99.0846346,18.8823947],[99.0846336,18.8817189],[99.0839737,18.8817256],[99.0840181,18.8824096]]]}},{"type":"Feature","id":763629804,"properties":{"id":763629804,"height":9,"base_height":0,"name_th":null,"name_en":null,"name":null,"kind":"temple","kind_value":"unknown","levels":null,"addr":null},"geometry":{"type":"Polygon","coordinates":[[[99.0102763,18.8944875],[99.010418,18.8942309],[99.0101654,18.894091],[99.0100083,18.8943534],[99.0102763,18.8944875]]]}},{"type":"Feature","id":767306687,"properties":{"id":767306687,"height":9,"base_height":0,"name_th":null,"name_en":null,"name":null,"kind":"temple","kind_value":"buddhist","levels":null,"addr":null},"geometry":{"type":"Polygon","coordinates":[[[99.1589097,18.7257623],[99.1587947,18.7254018],[99.1595404,18.7254299],[99.1599062,18.726675],[99.160045,18.7271312],[99.1596553,18.7271981],[99.1592235,18.7271498],[99.1591806,18.7268958],[99.1591162,18.7268018],[99.1591189,18.7267332],[99.1590629,18.7266135],[99.1589097,18.7257623]]]}},{"type":"Feature","id":782628066,"properties":{"id":782628066,"height":9,"base_height":0,"name_th":null,"name_en":null,"name":null,"kind":"temple","kind_value":"buddhist","levels":null,"addr":null},"geometry":{"type":"Polygon","coordinates":[[[98.9950689,18.6875954],[98.9950689,18.6874722],[98.9949548,18.6874633],[98.9949441,18.6875909],[98.9950689,18.6875954]]]}},{"type":"Feature","id":786188923,"properties":{"id":786188923,"height":9,"base_height":0,"name_th":null,"name_en":null,"name":null,"kind":"temple","kind_value":"buddhist","levels":null,"addr":null},"geometry":{"type":"Polygon","coordinates":[[[98.9889461,18.6810705],[98.9890976,18.6810292],[98.9890764,18.6809593],[98.9889249,18.6810006],[98.9889461,18.6810705]]]}},{"type":"Feature","id":786188924,"properties":{"id":786188924,"height":9,"base_height":0,"name_th":"วัดศรีมูลเรือง","name_en":"Wat Sri Moonrueang","name":null,"kind":"temple","kind_value":"buddhist","levels":null,"addr":null},"geometry":{"type":"Polygon","coordinates":[[[98.9890455,18.680784],[98.9890738,18.6808957],[98.9888956,18.6809363],[98.9888926,18.6809246],[98.9888541,18.6809334],[98.9888518,18.6809242],[98.9888268,18.6809299],[98.9888038,18.680839],[98.9890455,18.680784]]]}},{"type":"Feature","id":787400111,"properties":{"id":787400111,"height":9,"base_height":0,"name_th":null,"name_en":null,"name":null,"kind":"temple","kind_value":"buddhist","levels":null,"addr":null},"geometry":{"type":"Polygon","coordinates":[[[98.9923919,18.7825979],[98.9923931,18.7826102],[98.9925503,18.7825966],[98.9925496,18.7825894],[98.9925947,18.7825854],[98.9926039,18.7825525],[98.9925884,18.7825202],[98.9925433,18.7825241],[98.9925426,18.7825175],[98.9923854,18.7825311],[98.9923865,18.7825429],[98.9923775,18.7825437],[98.9923828,18.7825986],[98.9923919,18.7825979]]]}},{"type":"Feature","id":787874155,"properties":{"id":787874155,"height":9,"base_height":0,"name_th":null,"name_en":null,"name":null,"kind":"temple","kind_value":"unknown","levels":null,"addr":null},"geometry":{"type":"Polygon","coordinates":[[[98.9899174,18.7820722],[98.989917,18.782083],[98.9901142,18.7820881],[98.9901165,18.7820062],[98.9901172,18.7819845],[98.9900841,18.7819836],[98.9900874,18.7819078],[98.9899211,18.7819014],[98.9899209,18.7819097],[98.989885,18.781909],[98.9898814,18.7820715],[98.9899174,18.7820722]]]}},{"type":"Feature","id":796430206,"properties":{"id":796430206,"height":9,"base_height":0,"name_th":"วัดอุโบสถ","name_en":"Wat Ubosot","name":"วัดอุโบสถ","kind":"temple","kind_value":"buddhist","levels":null,"addr":null},"geometry":{"type":"Polygon","coordinates":[[[99.0077119,18.7320094],[99.0083315,18.7319471],[99.0083541,18.732794],[99.0077694,18.7327978],[99.0077119,18.7320094]]]}},{"type":"Feature","id":810358530,"properties":{"id":810358530,"height":9,"base_height":0,"name_th":null,"name_en":null,"name":"หอสมเด็จพระพุทธปัญญาธรรม","kind":"temple","kind_value":"buddhist","levels":null,"addr":null},"geometry":{"type":"Polygon","coordinates":[[[98.9541739,18.7943249],[98.9542613,18.7943274],[98.9542653,18.7941979],[98.9541779,18.7941954],[98.9541739,18.7943249]]]}},{"type":"Feature","id":813094863,"properties":{"id":813094863,"height":9,"base_height":0,"name_th":null,"name_en":null,"name":"วิหารหลวงพ่อทันใจ พระครูบาเจ้าเทือง นาถสีโล","kind":"temple","kind_value":"buddhist","levels":null,"addr":null},"geometry":{"type":"Polygon","coordinates":[[[98.974546,18.7895778],[98.9746419,18.7895778],[98.9746419,18.7895036],[98.974546,18.7895036],[98.974546,18.7895778]]]}},{"type":"Feature","id":818040399,"properties":{"id":818040399,"height":9,"base_height":0,"name_th":null,"name_en":"Wat Faihin","name":"วัดฝายหิน","kind":"temple","kind_value":"buddhist","levels":null,"addr":null},"geometry":{"type":"Polygon","coordinates":[[[98.9464706,18.798027],[98.9462627,18.7980321],[98.9463124,18.7985437],[98.9469346,18.7985247],[98.9469105,18.7977934],[98.9467281,18.7977934],[98.9467227,18.7979077],[98.946535,18.7979204],[98.9464706,18.798027]]]}},{"type":"Feature","id":837277752,"properties":{"id":837277752,"height":9,"base_height":0,"name_th":null,"name_en":null,"name":null,"kind":"temple","kind_value":"buddhist","levels":null,"addr":null},"geometry":{"type":"Polygon","coordinates":[[[98.926286,18.9327761],[98.9271285,18.9328062],[98.9273452,18.9331185],[98.927307,18.9331917],[98.9272406,18.9333189],[98.9267793,18.9334914],[98.9262804,18.9334813],[98.926286,18.9327761]]]}},{"type":"Feature","id":837277755,"properties":{"id":837277755,"height":9,"base_height":0,"name_th":null,"name_en":null,"name":null,"kind":"temple","kind_value":"buddhist","levels":null,"addr":null},"geometry":{"type":"Polygon","coordinates":[[[98.926766,18.9330717],[98.9269718,18.9330706],[98.9269722,18.9331491],[98.9267664,18.9331502],[98.926766,18.9330717]]]}},{"type":"Feature","id":837278676,"properties":{"id":837278676,"height":9,"base_height":0,"name_th":"วัดรัตนาราม","name_en":"Wat Rattana Ram","name":"วัดรัตนาราม","kind":"temple","kind_value":"buddhist","levels":null,"addr":null},"geometry":{"type":"Polygon","coordinates":[[[98.9449082,18.9191967],[98.9452596,18.9191155],[98.9452864,18.9191891],[98.9453454,18.9192322],[98.9454904,18.9192349],[98.9455789,18.9192248],[98.9456029,18.9192449],[98.9456968,18.9198539],[98.9450718,18.9199275],[98.9449082,18.9191967]]]}},{"type":"Feature","id":838394134,"properties":{"id":838394134,"height":9,"base_height":0,"name_th":"วัดป่าตึง","name_en":"Wat Pa Tueng","name":"วัดป่าตึง","kind":"temple","kind_value":"buddhist","levels":null,"addr":null},"geometry":{"type":"Polygon","coordinates":[[[99.1670031,18.7589401],[99.1667054,18.7597708],[99.1664452,18.7596743],[99.1661931,18.7595953],[99.1660107,18.75956],[99.1659249,18.758821],[99.1659088,18.7586991],[99.1659222,18.7585187],[99.1660161,18.758501],[99.1659968,18.7581378],[99.1663782,18.7581581],[99.1666686,18.7581787],[99.1668127,18.758214],[99.1671748,18.7583867],[99.1670031,18.7589401]]]}},{"type":"Feature","id":839774571,"properties":{"id":839774571,"height":9,"base_height":0,"name_th":null,"name_en":"Chiang Mai City Gate Church","name":null,"kind":"temple","kind_value":"christian","levels":null,"addr":null},"geometry":{"type":"Polygon","coordinates":[[[98.9678939,18.749341],[98.9682192,18.7492996],[98.968196,18.7491361],[98.9678707,18.7491775],[98.9678939,18.749341]]]}},{"type":"Feature","id":854837951,"properties":{"id":854837951,"height":9,"base_height":0,"name_th":null,"name_en":"Chiang Mai Chareonporn Church","name":"คริสตจักรเจริญพรเชียงใหม่","kind":"temple","kind_value":"christian","levels":null,"addr":null},"geometry":{"type":"Polygon","coordinates":[[[99.0193658,18.8077939],[99.0193744,18.8079152],[99.0195302,18.8079053],[99.0195281,18.8078755],[99.0195595,18.8078735],[99.0195555,18.8078181],[99.019553,18.807782],[99.0193658,18.8077939]]]}},{"type":"Feature","id":865298793,"properties":{"id":865298793,"height":9,"base_height":0,"name_th":"ศาสนจักร พระเยซูคริสต์","name_en":"The Church of Jesus Christ of Latter Day Saints","name":"ศาสนจักร พระเยซูคริสต์","kind":"temple","kind_value":"christian","levels":null,"addr":"ถนนสามล้าน 136/10"},"geometry":{"type":"Polygon","coordinates":[[[98.983013,18.7867199],[98.9830787,18.7867171],[98.9830806,18.7867577],[98.9831824,18.7867534],[98.9831805,18.7867128],[98.9833581,18.7867053],[98.9833537,18.7866107],[98.9831579,18.7866189],[98.9830086,18.7866253],[98.983013,18.7867199]]]}},{"type":"Feature","id":985773599,"properties":{"id":985773599,"height":9,"base_height":0,"name_th":"วัดป่าห้า","name_en":"Wat Pa Ha","name":"วัดป่าห้า","kind":"temple","kind_value":"buddhist","levels":null,"addr":null},"geometry":{"type":"Polygon","coordinates":[[[99.1998988,18.724694],[99.199559,18.7247413],[99.1994804,18.7244962],[99.1994103,18.7242322],[99.1999585,18.7240946],[99.2003205,18.724058],[99.2011997,18.7239003],[99.2014682,18.7246564],[99.2002084,18.7250811],[99.2001317,18.7248214],[99.1999211,18.7248581],[99.1998988,18.724694]]]}},{"type":"Feature","id":992388613,"properties":{"id":992388613,"height":9,"base_height":0,"name_th":"วัดป่าจี้","name_en":"Wat Pa Chi","name":"วัดป่าจี้","kind":"temple","kind_value":"buddhist","levels":null,"addr":null},"geometry":{"type":"Polygon","coordinates":[[[98.9373537,18.7456652],[98.9363645,18.7457296],[98.9362849,18.7457775],[98.936264,18.7458261],[98.9362814,18.7461652],[98.9362677,18.7462077],[98.9362567,18.746233],[98.9358548,18.7459858],[98.9354769,18.7458752],[98.9357152,18.7455391],[98.9369702,18.7451506],[98.936999,18.7452232],[98.9372159,18.74516],[98.9373537,18.7456652]]]}},{"type":"Feature","id":1015398858,"properties":{"id":1015398858,"height":9,"base_height":0,"name_th":"วัดพระนอนขอนม่วง","name_en":"Wat Phra Non Khon Muang","name":"วัดพระนอนขอนม่วง","kind":"temple","kind_value":"buddhist","levels":null,"addr":null},"geometry":{"type":"Polygon","coordinates":[[[98.9779086,18.8453722],[98.9779113,18.8452908],[98.9777334,18.8452855],[98.9777307,18.8453669],[98.9779086,18.8453722]]]}},{"type":"Feature","id":1015821692,"properties":{"id":1015821692,"height":9,"base_height":0,"name_th":null,"name_en":null,"name":"Guanyin Tower","kind":"temple","kind_value":"chinese_folk","levels":null,"addr":null},"geometry":{"type":"Polygon","coordinates":[[[99.002076,18.7898882],[99.0021217,18.7897955],[99.0022613,18.7898795],[99.0022392,18.7899907],[99.002076,18.7898882]]]}},{"type":"Feature","id":1015826858,"properties":{"id":1015826858,"height":9,"base_height":0,"name_th":null,"name_en":null,"name":"GuanWu shrine","kind":"temple","kind_value":"chinese_folk","levels":null,"addr":null},"geometry":{"type":"Polygon","coordinates":[[[99.0001199,18.7901426],[99.0001919,18.7899967],[99.0000322,18.7899303],[98.9999603,18.7900369],[98.999951,18.7900762],[99.0001199,18.7901426]]]}},{"type":"Feature","id":1025083041,"properties":{"id":1025083041,"height":9,"base_height":0,"name_th":"วัดพระเจดีย์","name_en":"Wat Phra Chedi","name":"วัดพระเจดีย์","kind":"temple","kind_value":"buddhist","levels":null,"addr":null},"geometry":{"type":"Polygon","coordinates":[[[99.0369563,18.8122473],[99.0374672,18.8126175],[99.037407,18.8126963],[99.0367493,18.8126388],[99.0367981,18.8124887],[99.036757,18.812461],[99.0369563,18.8122473]]]}},{"type":"Feature","id":1025134750,"properties":{"id":1025134750,"height":9,"base_height":0,"name_th":null,"name_en":null,"name":null,"kind":"temple","kind_value":"unknown","levels":null,"addr":null},"geometry":{"type":"Polygon","coordinates":[[[99.0872773,18.8220037],[99.0879826,18.8219542],[99.0881128,18.8229747],[99.0880954,18.8230178],[99.0880511,18.823047],[99.087567,18.8231072],[99.0874534,18.8230935],[99.0872773,18.8220037]]]}},{"type":"Feature","id":1028254441,"properties":{"id":1028254441,"height":9,"base_height":0,"name_th":"วัดแม่แก้ดน้อย","name_en":"Wat Mae Kaet Noi","name":"วัดแม่แก้ดน้อย","kind":"temple","kind_value":"buddhist","levels":null,"addr":null},"geometry":{"type":"Polygon","coordinates":[[[99.0364066,18.8780723],[99.0363727,18.8782673],[99.0368222,18.8783372],[99.036856,18.8781421],[99.0364066,18.8780723]]]}},{"type":"Feature","id":1029606225,"properties":{"id":1029606225,"height":9,"base_height":0,"name_th":"วัดป่าพุทธพจนาราม","name_en":"Wat Pa Phut Photchana Ram","name":"วัดป่าพุทธพจนาราม","kind":"temple","kind_value":"buddhist","levels":null,"addr":null},"geometry":{"type":"Polygon","coordinates":[[[98.8808731,18.7288137],[98.8796929,18.7291909],[98.87919,18.7308839],[98.8798324,18.7310579],[98.8801541,18.7310082],[98.8800527,18.7308081],[98.8802358,18.7305831],[98.8804949,18.730432],[98.88071,18.7302854],[98.8812915,18.7290169],[98.8808731,18.7288137]]]}},{"type":"Feature","id":1031055148,"properties":{"id":1031055148,"height":9,"base_height":0,"name_th":"วัดแม่กวง","name_en":"Wat Mae Kuang","name":"วัดแม่กวง","kind":"temple","kind_value":"buddhist","levels":null,"addr":null},"geometry":{"type":"Polygon","coordinates":[[[99.0516397,18.8282536],[99.0518008,18.8282075],[99.052083,18.8282128],[99.0521677,18.827737],[99.0514738,18.8274399],[99.0515019,18.8277859],[99.0513463,18.8280234],[99.0513212,18.8282005],[99.0513129,18.8283405],[99.0513893,18.8284258],[99.0514561,18.8283445],[99.0516397,18.8282536]]]}},{"type":"Feature","id":1055652331,"properties":{"id":1055652331,"height":9,"base_height":0,"name_th":"วัดป่าเห็ว","name_en":"Wat Pa Heo","name":"วัดป่าเห็ว","kind":"temple","kind_value":"buddhist","levels":null,"addr":null},"geometry":{"type":"Polygon","coordinates":[[[99.038434,18.6519659],[99.038312,18.6521158],[99.0380555,18.6526896],[99.0385942,18.6530602],[99.0388529,18.6528682],[99.0390634,18.6526204],[99.0392753,18.6523104],[99.0393137,18.652215],[99.038434,18.6519659]]]}},{"type":"Feature","id":1103046888,"properties":{"id":1103046888,"height":9,"base_height":0,"name_th":"วัดห้วยเกี๋ยง","name_en":"Wat Huay Khiang","name":"วัดห้วยเกี๋ยง","kind":"temple","kind_value":"buddhist","levels":null,"addr":null},"geometry":{"type":"Polygon","coordinates":[[[98.9950135,18.9106529],[98.9947645,18.9113435],[98.99437,18.9112368],[98.9943599,18.9111066],[98.9938474,18.9109792],[98.993873,18.9107703],[98.9938353,18.910693],[98.9939622,18.9101441],[98.9950135,18.9106529]]]}},{"type":"Feature","id":1105154103,"properties":{"id":1105154103,"height":9,"base_height":0,"name_th":null,"name_en":null,"name":"Wat Theparam","kind":"temple","kind_value":"unknown","levels":null,"addr":null},"geometry":{"type":"Polygon","coordinates":[[[99.0593085,18.7325527],[99.0597725,18.7320294],[99.0593889,18.7316459],[99.0590563,18.731463],[99.0587237,18.7318796],[99.0593085,18.7325527]]]}},{"type":"Feature","id":1154680284,"properties":{"id":1154680284,"height":9,"base_height":0,"name_th":null,"name_en":"Wat Pa Tan","name":"วัดป่าตาล","kind":"temple","kind_value":"buddhist","levels":null,"addr":null},"geometry":{"type":"Polygon","coordinates":[[[99.1048531,18.7210817],[99.1049558,18.7210831],[99.1049582,18.7209215],[99.1048555,18.7209201],[99.1048531,18.7210817]]]}},{"type":"Feature","id":1161127127,"properties":{"id":1161127127,"height":9,"base_height":0,"name_th":null,"name_en":null,"name":null,"kind":"temple","kind_value":"buddhist","levels":null,"addr":null},"geometry":{"type":"Polygon","coordinates":[[[99.0326715,18.7532652],[99.0327244,18.7532116],[99.0326869,18.7531784],[99.032634,18.753232],[99.0326715,18.7532652]]]}},{"type":"Feature","id":1161680708,"properties":{"id":1161680708,"height":9,"base_height":0,"name_th":null,"name_en":null,"name":null,"kind":"temple","kind_value":"buddhist","levels":null,"addr":null},"geometry":{"type":"Polygon","coordinates":[[[98.9918937,18.7963679],[98.992209,18.7963131],[98.9922035,18.7962805],[98.9922668,18.7962721],[98.9922647,18.7962128],[98.9918772,18.7962792],[98.9918937,18.7963679]]]}},{"type":"Feature","id":1161680709,"properties":{"id":1161680709,"height":9,"base_height":0,"name_th":null,"name_en":null,"name":null,"kind":"temple","kind_value":"buddhist","levels":null,"addr":null},"geometry":{"type":"Polygon","coordinates":[[[98.9920871,18.7962317],[98.992072,18.796132],[98.9922943,18.7960942],[98.9923088,18.796201],[98.9920871,18.7962317]]]}},{"type":"Feature","id":1170872081,"properties":{"id":1170872081,"height":9,"base_height":0,"name_th":null,"name_en":null,"name":"Wat Naboon Thammaram","kind":"temple","kind_value":"buddhist","levels":null,"addr":null},"geometry":{"type":"Polygon","coordinates":[[[98.9972006,18.873148],[98.9972381,18.8730211],[98.9984531,18.8732445],[98.9984236,18.8733764],[98.9983351,18.8733638],[98.9972006,18.873148]]]}},{"type":"Feature","id":1175736091,"properties":{"id":1175736091,"height":9,"base_height":0,"name_th":"คริสตจักรเด่นดำรงธรรม","name_en":"Dendamrongtham Church","name":"คริสตจักรเด่นดำรงธรรม","kind":"temple","kind_value":"christian","levels":null,"addr":null},"geometry":{"type":"Polygon","coordinates":[[[99.0058196,18.7712536],[99.0063706,18.7711742],[99.006325,18.7708899],[99.0058942,18.7708913],[99.0057773,18.770905],[99.0057922,18.7710861],[99.0058196,18.7712536]]]}},{"type":"Feature","id":1211808239,"properties":{"id":1211808239,"height":9,"base_height":0,"name_th":"ศาลเจ้าพ่อประตูเชียงใหม่","name_en":"Chao Pho Phatu Chaing Mai Shrine","name":null,"kind":"temple","kind_value":"unknown","levels":null,"addr":null},"geometry":{"type":"Polygon","coordinates":[[[98.9890601,18.7814087],[98.9890946,18.7814074],[98.9890957,18.7814367],[98.9890613,18.7814379],[98.9890601,18.7814087]]]}},{"type":"Feature","id":1234238066,"properties":{"id":1234238066,"height":9,"base_height":0,"name_th":null,"name_en":null,"name":"McCormick Funeral Chapel","kind":"temple","kind_value":"christian","levels":null,"addr":null},"geometry":{"type":"Polygon","coordinates":[[[99.0102079,18.7965873],[99.0102494,18.79652],[99.010012,18.7963892],[99.0099706,18.7964566],[99.0102079,18.7965873]]]}},{"type":"Feature","id":1239081882,"properties":{"id":1239081882,"height":9,"base_height":0,"name_th":null,"name_en":"Wat Don Keaw","name":"วัดดอนแก้ว","kind":"temple","kind_value":"buddhist","levels":null,"addr":null},"geometry":{"type":"Polygon","coordinates":[[[98.9718985,18.8798914],[98.9721375,18.8798855],[98.9721349,18.8797902],[98.9718959,18.8797961],[98.9718985,18.8798914]]]}},{"type":"Feature","id":1240053918,"properties":{"id":1240053918,"height":9,"base_height":0,"name_th":null,"name_en":"Stupa","name":null,"kind":"temple","kind_value":"unknown","levels":null,"addr":null},"geometry":{"type":"Polygon","coordinates":[[[98.9718044,18.8798712],[98.9718609,18.8798692],[98.9718588,18.879818],[98.9718023,18.87982],[98.9718044,18.8798712]]]}},{"type":"Feature","id":1243096176,"properties":{"id":1243096176,"height":9,"base_height":0,"name_th":null,"name_en":"Wat Chomthong","name":"วัดจอมทอง","kind":"temple","kind_value":"buddhist","levels":null,"addr":null},"geometry":{"type":"Polygon","coordinates":[[[98.9660978,18.690133],[98.966332,18.6900648],[98.9663693,18.6901798],[98.9661351,18.6902479],[98.9660978,18.690133]]]}},{"type":"Feature","id":1246897670,"properties":{"id":1246897670,"height":9,"base_height":0,"name_th":null,"name_en":null,"name":null,"kind":"temple","kind_value":"buddhist","levels":null,"addr":null},"geometry":{"type":"Polygon","coordinates":[[[98.9515775,18.7832554],[98.9511222,18.7833344],[98.9511526,18.7834912],[98.9512198,18.7838385],[98.9516751,18.7837595],[98.9515775,18.7832554]]]}},{"type":"Feature","id":1248006148,"properties":{"id":1248006148,"height":9,"base_height":0,"name_th":null,"name_en":null,"name":null,"kind":"temple","kind_value":"buddhist","levels":null,"addr":null},"geometry":{"type":"Polygon","coordinates":[[[98.9665219,18.8951616],[98.9667831,18.8951655],[98.9667847,18.8950667],[98.9665236,18.8950629],[98.9665219,18.8951616]]]}},{"type":"Feature","id":1251480335,"properties":{"id":1251480335,"height":9,"base_height":0,"name_th":"วัดหัวฝาย","name_en":"Wat Hua Fai","name":"วัดหัวฝาย","kind":"temple","kind_value":"buddhist","levels":null,"addr":null},"geometry":{"type":"Polygon","coordinates":[[[99.0126756,18.6704771],[99.0126944,18.6705717],[99.0129358,18.6705285],[99.012917,18.6704339],[99.0126756,18.6704771]]]}},{"type":"Feature","id":1257138548,"properties":{"id":1257138548,"height":9,"base_height":0,"name_th":"วัดศรีวารีสถาน","name_en":"Wat Si Wari Sathan","name":null,"kind":"temple","kind_value":"buddhist","levels":null,"addr":null},"geometry":{"type":"Polygon","coordinates":[[[98.9840806,18.6845235],[98.9843099,18.6844117],[98.98426,18.6843198],[98.9840306,18.6844316],[98.9840806,18.6845235]]]}},{"type":"Feature","id":1262057825,"properties":{"id":1262057825,"height":9,"base_height":0,"name_th":"วัดดอยเปา","name_en":"Wat Doi Pao","name":"วัดดอยเปา","kind":"temple","kind_value":"buddhist","levels":null,"addr":null},"geometry":{"type":"Polygon","coordinates":[[[98.9138939,18.7321095],[98.9141421,18.7321011],[98.9141372,18.7319707],[98.913889,18.731979],[98.9138939,18.7321095]]]}},{"type":"Feature","id":1268295626,"properties":{"id":1268295626,"height":9,"base_height":0,"name_th":"วัดชัยสถิตย์ (ป่าเสร้าหลวง)","name_en":"Wat Chai Sathit (Pa Sao Luang)","name":"วัดชัยสถิตย์ (ป่าเสร้าหลวง)","kind":"temple","kind_value":"buddhist","levels":null,"addr":null},"geometry":{"type":"Polygon","coordinates":[[[99.0723095,18.8032624],[99.0728826,18.8032609],[99.0731476,18.802542],[99.0723342,18.8024268],[99.0721154,18.8026762],[99.0721185,18.8029387],[99.0723095,18.8032624]]]}},{"type":"Feature","id":1275174929,"properties":{"id":1275174929,"height":9,"base_height":0,"name_th":null,"name_en":null,"name":null,"kind":"temple","kind_value":"buddhist","levels":null,"addr":null},"geometry":{"type":"Polygon","coordinates":[[[98.9855319,18.8607442],[98.985831,18.8608053],[98.985839,18.8607123],[98.9855504,18.8606463],[98.9855319,18.8607442]]]}},{"type":"Feature","id":1327737094,"properties":{"id":1327737094,"height":9,"base_height":0,"name_th":null,"name_en":null,"name":null,"kind":"temple","kind_value":"buddhist","levels":null,"addr":null},"geometry":{"type":"Polygon","coordinates":[[[98.9648605,18.8829977],[98.9650131,18.8830198],[98.9650238,18.8829541],[98.9648711,18.882932],[98.9648605,18.8829977]]]}},{"type":"Feature","id":1327768732,"properties":{"id":1327768732,"height":9,"base_height":0,"name_th":null,"name_en":null,"name":null,"kind":"temple","kind_value":"buddhist","levels":null,"addr":null},"geometry":{"type":"Polygon","coordinates":[[[98.9436953,18.9000344],[98.9439463,18.8999846],[98.9439202,18.899867],[98.9436693,18.8999168],[98.9436953,18.9000344]]]}},{"type":"Feature","id":1359580170,"properties":{"id":1359580170,"height":9,"base_height":0,"name_th":null,"name_en":null,"name":null,"kind":"temple","kind_value":"buddhist","levels":null,"addr":null},"geometry":{"type":"Polygon","coordinates":[[[98.985413,18.8980469],[98.9856422,18.8980439],[98.9856409,18.8979552],[98.9854117,18.8979582],[98.985413,18.8980469]]]}},{"type":"Feature","id":1359580183,"properties":{"id":1359580183,"height":9,"base_height":0,"name_th":null,"name_en":null,"name":null,"kind":"temple","kind_value":"buddhist","levels":null,"addr":null},"geometry":{"type":"Polygon","coordinates":[[[98.9859496,18.891039],[98.986105,18.8910539],[98.9861148,18.8909627],[98.9859594,18.8909477],[98.9859496,18.891039]]]}},{"type":"Feature","id":1359594428,"properties":{"id":1359594428,"height":9,"base_height":0,"name_th":null,"name_en":null,"name":null,"kind":"temple","kind_value":"buddhist","levels":null,"addr":null},"geometry":{"type":"Polygon","coordinates":[[[98.9336428,18.7994702],[98.9338348,18.7994119],[98.9338203,18.7993694],[98.9336283,18.7994277],[98.9336428,18.7994702]]]}},{"type":"Feature","id":1359725240,"properties":{"id":1359725240,"height":9,"base_height":0,"name_th":null,"name_en":null,"name":null,"kind":"temple","kind_value":"buddhist","levels":null,"addr":null},"geometry":{"type":"Polygon","coordinates":[[[98.985822,18.751666],[98.9857924,18.7515952],[98.9858606,18.7515696],[98.9858195,18.7514712],[98.9857623,18.7514927],[98.9857305,18.7514168],[98.9858644,18.7513665],[98.9858353,18.7512969],[98.9855303,18.7514114],[98.9855633,18.7514904],[98.9855955,18.7514784],[98.9856299,18.7515606],[98.9855839,18.7515778],[98.9856676,18.7517779],[98.9857817,18.7517351],[98.9857622,18.7516884],[98.985822,18.751666]]]}},{"type":"Feature","id":1361413699,"properties":{"id":1361413699,"height":9,"base_height":0,"name_th":null,"name_en":null,"name":"Miao Jue Shi Foundation Meditation Building","kind":"temple","kind_value":"unknown","levels":null,"addr":null},"geometry":{"type":"Polygon","coordinates":[[[98.9918565,18.8101738],[98.992029,18.810261],[98.9921306,18.8100808],[98.9919581,18.8099936],[98.9918565,18.8101738]]]}},{"type":"Feature","id":1379708007,"properties":{"id":1379708007,"height":9,"base_height":0,"name_th":null,"name_en":"Divine Mercy Chapel","name":"วัดน้อยพระเมตตา","kind":"temple","kind_value":"christian","levels":null,"addr":null},"geometry":{"type":"Polygon","coordinates":[[[99.0010563,18.7727417],[99.0012221,18.7726814],[99.0012634,18.7727832],[99.0013309,18.7727586],[99.0012133,18.7724689],[99.0009818,18.7725531],[99.0010028,18.7726047],[99.0011695,18.7725441],[99.0011994,18.7726177],[99.0010309,18.772679],[99.0010563,18.7727417]]]}},{"type":"Feature","id":1382016716,"properties":{"id":1382016716,"height":9,"base_height":0,"name_th":null,"name_en":null,"name":"Wat Phra That Doi Tham (inner area)","kind":"temple","kind_value":"buddhist","levels":null,"addr":null},"geometry":{"type":"Polygon","coordinates":[[[98.8970949,18.712132],[98.8972412,18.7123156],[98.8970107,18.7124907],[98.8968443,18.7122654],[98.8970949,18.712132]]]}},{"type":"Feature","id":1426332755,"properties":{"id":1426332755,"height":9,"base_height":0,"name_th":null,"name_en":null,"name":"เทวสถานพระพิฆเนศเชียงใหม่","kind":"temple","kind_value":"hindu","levels":null,"addr":"ถนนเจริญราษฎร์ 399"},"geometry":{"type":"Polygon","coordinates":[[[99.005455,18.8049409],[99.005459,18.8048621],[99.0055271,18.804863],[99.0055231,18.8049429],[99.005455,18.8049409]]]}},{"type":"Feature","id":1437028933,"properties":{"id":1437028933,"height":9,"base_height":0,"name_th":null,"name_en":"Wat Huai Fai","name":null,"kind":"temple","kind_value":"buddhist","levels":null,"addr":null},"geometry":{"type":"Polygon","coordinates":[[[99.065322,18.8629657],[99.0655392,18.8628629],[99.0654958,18.8627807],[99.0652785,18.8628835],[99.065322,18.8629657]]]}},{"type":"Feature","id":1458584415,"properties":{"id":1458584415,"height":9,"base_height":0,"name_th":null,"name_en":null,"name":"Wat Nang Liao","kind":"temple","kind_value":"buddhist","levels":null,"addr":null},"geometry":{"type":"Polygon","coordinates":[[[99.0218226,18.8311765],[99.0219077,18.8311983],[99.0219223,18.8311469],[99.0218372,18.8311252],[99.0218226,18.8311765]]]}},{"type":"Feature","id":1458584416,"properties":{"id":1458584416,"height":9,"base_height":0,"name_th":null,"name_en":"Shrine","name":null,"kind":"temple","kind_value":"unknown","levels":null,"addr":null},"geometry":{"type":"Polygon","coordinates":[[[99.0216437,18.8311469],[99.0217287,18.8311717],[99.0217529,18.8310973],[99.0216679,18.8310725],[99.0216437,18.8311469]]]}},{"type":"Feature","id":1458592077,"properties":{"id":1458592077,"height":9,"base_height":0,"name_th":"วัดฟ้ามุ่ย","name_en":"Wat Famui","name":"วัดฟ้ามุ่ย","kind":"temple","kind_value":"buddhist","levels":null,"addr":null},"geometry":{"type":"Polygon","coordinates":[[[99.0350257,18.8508837],[99.0352693,18.8508966],[99.0352758,18.8507871],[99.0350322,18.8507741],[99.0350257,18.8508837]]]}},{"type":"Feature","id":1458594888,"properties":{"id":1458594888,"height":9,"base_height":0,"name_th":"วัดต้นจันทน์","name_en":"Wat Tanjan","name":"วัดต้นจันทน์","kind":"temple","kind_value":"buddhist","levels":null,"addr":null},"geometry":{"type":"Polygon","coordinates":[[[99.0265484,18.8464815],[99.026684,18.846445],[99.0266596,18.8463639],[99.026524,18.8464005],[99.0265484,18.8464815]]]}},{"type":"Feature","id":1458662000,"properties":{"id":1458662000,"height":9,"base_height":0,"name_th":"วัดแม่สาหลวง","name_en":"Wat Mae Sa Luang","name":"วัดแม่สาหลวง","kind":"temple","kind_value":"buddhist","levels":null,"addr":null},"geometry":{"type":"Polygon","coordinates":[[[98.9621805,18.8919505],[98.9624884,18.8919555],[98.9629042,18.8919103],[98.9629184,18.8910246],[98.962138,18.8910129],[98.9621805,18.8919505]]]}},{"type":"Feature","id":1458898755,"properties":{"id":1458898755,"height":9,"base_height":0,"name_th":null,"name_en":null,"name":"Wat San Mueang Pracharam","kind":"temple","kind_value":"buddhist","levels":null,"addr":null},"geometry":{"type":"Polygon","coordinates":[[[98.9737798,18.854416],[98.9739462,18.8544558],[98.9739672,18.8543772],[98.9738008,18.8543373],[98.9737798,18.854416]]]}},{"type":"Feature","id":1461422069,"properties":{"id":1461422069,"height":9,"base_height":0,"name_th":"วัดโสภานาราม","name_en":"Wat Sopanaram","name":"วัดโสภานาราม","kind":"temple","kind_value":"buddhist","levels":null,"addr":null},"geometry":{"type":"Polygon","coordinates":[[[98.9646821,18.8620537],[98.9648041,18.862082],[98.964821,18.8620166],[98.964699,18.8619883],[98.9646821,18.8620537]]]}},{"type":"Feature","id":1462298024,"properties":{"id":1462298024,"height":9,"base_height":0,"name_th":null,"name_en":null,"name":null,"kind":"temple","kind_value":"unknown","levels":null,"addr":null},"geometry":{"type":"Polygon","coordinates":[[[99.1541129,18.675976],[99.1540683,18.6759549],[99.1540649,18.6759013],[99.1541146,18.6758786],[99.1541591,18.6759046],[99.1541591,18.6759549],[99.1541129,18.675976]]]}},{"type":"Feature","id":1463645473,"properties":{"id":1463645473,"height":9,"base_height":0,"name_th":null,"name_en":null,"name":null,"kind":"temple","kind_value":"buddhist","levels":null,"addr":null},"geometry":{"type":"Polygon","coordinates":[[[99.0442576,18.7333515],[99.0444476,18.7333249],[99.0444327,18.7332294],[99.0442427,18.7332559],[99.0442576,18.7333515]]]}},{"type":"Feature","id":1463645476,"properties":{"id":1463645476,"height":9,"base_height":0,"name_th":null,"name_en":null,"name":null,"kind":"temple","kind_value":"buddhist","levels":null,"addr":null},"geometry":{"type":"Polygon","coordinates":[[[99.0453411,18.7275318],[99.0455611,18.7274987],[99.0455437,18.727395],[99.0453237,18.7274281],[99.0453411,18.7275318]]]}},{"type":"Feature","id":1463645477,"properties":{"id":1463645477,"height":9,"base_height":0,"name_th":null,"name_en":null,"name":null,"kind":"temple","kind_value":"buddhist","levels":null,"addr":null},"geometry":{"type":"Polygon","coordinates":[[[99.063401,18.7288132],[99.0636144,18.7287097],[99.0635674,18.7286229],[99.063354,18.7287263],[99.063401,18.7288132]]]}},{"type":"Feature","id":1463686092,"properties":{"id":1463686092,"height":9,"base_height":0,"name_th":null,"name_en":null,"name":null,"kind":"temple","kind_value":"buddhist","levels":null,"addr":null},"geometry":{"type":"Polygon","coordinates":[[[98.9232518,18.670615],[98.9236069,18.6705379],[98.9235823,18.6704361],[98.9232272,18.6705131],[98.9232518,18.670615]]]}},{"type":"Feature","id":1464588858,"properties":{"id":1464588858,"height":9,"base_height":0,"name_th":null,"name_en":null,"name":"Wat Suwan Khiri Mongkhon","kind":"temple","kind_value":"buddhist","levels":null,"addr":null},"geometry":{"type":"Polygon","coordinates":[[[99.1467562,18.912458],[99.1470154,18.9124932],[99.147031,18.9123904],[99.1467718,18.9123552],[99.1467562,18.912458]]]}},{"type":"Feature","id":1464588859,"properties":{"id":1464588859,"height":9,"base_height":0,"name_th":null,"name_en":"Chedi","name":null,"kind":"temple","kind_value":"buddhist","levels":null,"addr":null},"geometry":{"type":"Polygon","coordinates":[[[99.1469158,18.9126626],[99.1470267,18.9126729],[99.1470372,18.9125731],[99.1469262,18.9125627],[99.1469158,18.9126626]]]}},{"type":"Feature","id":1465020042,"properties":{"id":1465020042,"height":9,"base_height":0,"name_th":null,"name_en":null,"name":null,"kind":"temple","kind_value":"buddhist","levels":null,"addr":null},"geometry":{"type":"Polygon","coordinates":[[[98.9345191,18.7962405],[98.9345627,18.7961268],[98.9346562,18.7961589],[98.9346126,18.7962726],[98.9345191,18.7962405]]]}},{"type":"Feature","id":1473765194,"properties":{"id":1473765194,"height":9,"base_height":0,"name_th":"วัดหนองแหย่ง","name_en":"Wat Nong Yaeng","name":"วัดหนองแหย่ง","kind":"temple","kind_value":"buddhist","levels":null,"addr":null},"geometry":{"type":"Polygon","coordinates":[[[99.1066716,18.8797733],[99.1068269,18.8797124],[99.1067887,18.8796252],[99.1066334,18.8796861],[99.1066716,18.8797733]]]}},{"type":"Feature","id":1474802407,"properties":{"id":1474802407,"height":9,"base_height":0,"name_th":"วัดพระป้าน","name_en":"Wat Phra Pan","name":"วัดพระป้าน","kind":"temple","kind_value":"buddhist","levels":null,"addr":null},"geometry":{"type":"Polygon","coordinates":[[[99.0988465,18.765792],[99.098915,18.7659101],[99.0989979,18.7661645],[99.0990513,18.7663557],[99.0990556,18.766494],[99.0990917,18.7665631],[99.0991835,18.7666904],[99.098791,18.7670076],[99.0984725,18.766665],[99.0981334,18.7659841],[99.0984321,18.7658825],[99.0988465,18.765792]]]}},{"type":"Feature","id":1486744338,"properties":{"id":1486744338,"height":9,"base_height":0,"name_th":null,"name_en":"Living Spring Church","name":"Living Spring Church","kind":"temple","kind_value":"christian","levels":null,"addr":null},"geometry":{"type":"Polygon","coordinates":[[[98.9979851,18.7383581],[98.99826,18.7382831],[98.9982316,18.7381894],[98.9979566,18.7382644],[98.9979851,18.7383581]]]}},{"type":"Feature","id":1531149627,"properties":{"id":1531149627,"height":9,"base_height":0,"name_th":null,"name_en":null,"name":null,"kind":"temple","kind_value":"buddhist","levels":null,"addr":null},"geometry":{"type":"Polygon","coordinates":[[[98.9553724,18.7711371],[98.9553444,18.7712346],[98.9554377,18.7712585],[98.9554657,18.7711611],[98.9553724,18.7711371]]]}},{"type":"Feature","id":1534196713,"properties":{"id":1534196713,"height":9,"base_height":0,"name_th":null,"name_en":"Sangprateep Karen Baptist Church Chiang Mai","name":"คริสตจักรแสงประทีป เชียงใหม่","kind":"temple","kind_value":"christian","levels":null,"addr":"Nong Pratheep Rd 23"},"geometry":{"type":"Polygon","coordinates":[[[99.0200357,18.7874917],[99.0201609,18.7874847],[99.0201591,18.7874572],[99.0202307,18.7874531],[99.0202245,18.7873551],[99.0200278,18.7873662],[99.0200357,18.7874917]]]}},{"type":"Feature","id":1535333631,"properties":{"id":1535333631,"height":9,"base_height":0,"name_th":null,"name_en":null,"name":"ACTH Church (Associated Churches in Thailand)","kind":"temple","kind_value":"christian","levels":null,"addr":null},"geometry":{"type":"Polygon","coordinates":[[[99.0205192,18.7860434],[99.0205795,18.7860639],[99.020598,18.7860151],[99.0206863,18.7860451],[99.0207275,18.785936],[99.0205396,18.7858723],[99.020534,18.7858868],[99.0205055,18.7859624],[99.0204976,18.7859835],[99.0205368,18.7859968],[99.0205192,18.7860434]]]}},{"type":"Feature","id":1539634887,"properties":{"id":1539634887,"height":9,"base_height":0,"name_th":"วิหารเล็ก วัดบุพพาราม","name_en":null,"name":"วิหารเล็ก วัดบุพพาราม","kind":"temple","kind_value":"buddhist","levels":null,"addr":null},"geometry":{"type":"Polygon","coordinates":[[[98.998034,18.7880802],[98.9980362,18.7879758],[98.9980948,18.7879768],[98.9980927,18.7880813],[98.998034,18.7880802]]]}},{"type":"Feature","id":1547961748,"properties":{"id":1547961748,"height":9,"base_height":0,"name_th":"วัดเชียงยืน","name_en":"Wat Chiang Yuen","name":"วัดเชียงยืน","kind":"temple","kind_value":"buddhist","levels":null,"addr":"ถนนมณีนพรัตน์ 160"},"geometry":{"type":"Polygon","coordinates":[[[98.9882757,18.796534],[98.9891011,18.7965056],[98.9890847,18.7960795],[98.9885456,18.796098],[98.9885488,18.7961829],[98.9882625,18.7961928],[98.9882757,18.796534]]]}},{"type":"Feature","id":1547961750,"properties":{"id":1547961750,"height":9,"base_height":0,"name_th":"อุโบสถแปดเหลี่ยม วัดเชียงยืน","name_en":"Octagonal Ubosot of Wat Chiang Yuen","name":"อุโบสถแปดเหลี่ยม วัดเชียงยืน","kind":"temple","kind_value":"buddhist","levels":null,"addr":null},"geometry":{"type":"Polygon","coordinates":[[[98.9896443,18.7960631],[98.9896434,18.7960112],[98.9896688,18.7959831],[98.9897199,18.795981],[98.9897482,18.7960117],[98.9897497,18.7960614],[98.9897221,18.7960883],[98.9896728,18.7960901],[98.9896443,18.7960631]]]}},{"type":"Feature","id":1547961751,"properties":{"id":1547961751,"height":9,"base_height":0,"name_th":"พระวิหารวัดเชียงยืน","name_en":"Wihan of Wat Chiang Yuen","name":"วิหาร วัดเชียงยืน","kind":"temple","kind_value":"buddhist","levels":null,"addr":null},"geometry":{"type":"Polygon","coordinates":[[[98.9887397,18.7964074],[98.9890319,18.7963887],[98.9890227,18.7962596],[98.9887304,18.7962782],[98.9887397,18.7964074]]]}}]}